Film,Title,Published Date,Source,URL,Phase,Protest_Score,Institution_Score,Total_Score
Padmaavat,"Ahead of ‘O’Romeo’ release, take a look at Shahid Kapoor’s 7 highest-grossing films; 'Padmaavat’ to ‘Kabir Singh’ - Times of India",11-02-2026,Times of India,https://news.google.com/rss/articles/CBMipgJBVV95cUxNNG9IZG9WZGFGXzhTOFFoLUdfR2tUQk0zQk5tV0Rxa21GeTgzQ1FfZnlJSlpCVzFBbmpFT0dsNnlzMEJaa18tSnd2WnphLXh1N01OVTBoQ2k3cG44UDNwNGxkX0luQlVyNUNJYl9qRlBuZEVyUDNoUVl0anI3ZHlYNEE2UHdEVW9WX3ZTd09iaW53UTB3aXNoMXBGck5nbEI1NXZ3MTRvZnVLTGxfc0JfRGhtZ21lQ09QX3RlTDFEeXVidGJlTUNwQ2NvVHA3ZjZvMk9KRzNXUHdwT0FPcVFZelhqZ0hSNzhlWW00RmNtUW5NTmhSOF9XblpJa0JaRG5uemhMcFppUVVnYm9QbHQ2Y0R5bW50bzRfQTBIRmUtMXhSYkk3RVHSAa4CQVVfeXFMT0tBQnpDRDZhTDRkaGNxTHNTMG9tS0ZUZUJZQ1Jia2NzaEg5Y0lNYnNKVVQ2V3FnSFY1Uk9pVWZzUUM4TWhVMWJuanJMOW1RejRJdnNYMTVraTlMMVdzNm1kdFFvVGxadWZvUEhGaElCVnhGdXJYYU5peVlDNGZUM3FhTzFZWW5HaTI3X1hNTEF1cDRWaUNSeDRaczZ1RHFfQ0NSLW9xMDlqTVlZSEtKZ0JxQWhZWC1VY3NjNFZySS01dnBNeGhhYUF5VmN6ZU1hZ0E1UGFkZ05sOUF3Z3hfMXlGVG92Q1ZMQ2ZIdGlPZHNsZ3F1dFZFemFuaFZoelpOLWYxODNXZWVzUE5RVU9mRlVjWnJWMV9xN1lfOXhRdGxNelJwOGhyQ1FGblBZaGc?oc=5&hl=en-US&gl=US&ceid=US:en,Post,0,0,0
Padmaavat,"Border 2 Box Office Collection Day 16: After beating War 2, Sunny Deol's film joins ₹300 cr club but misses Padmaavat - Mint",14-02-2026,Mint,https://news.google.com/rss/articles/CBMiggJBVV95cUxPSlJva012dS1XWUxvTlhLT3E3bm1XSXFsdzZmVmFXeXpHazZUby1ITVhfSk84ejk5dW0wZ0ZWSlk3dlF2QzF5SV81bzhycjlxMEZjdEpVc0RJOVloZS1KWUdxVkZEaDJWOG5jVWdYSHJNZVFNY2pQVGxBbnBteHktR2JEZlQ5TnN0Z2pUYTlhTl81TFAyZHdmVE5vX0dIdW4zTzRydlBPY2ZrUEZ2WV9QRjQ1S3huSXFaUVNZSlVGTnVFZW9BZk0zUU9oblQtWFdQRUJUQkJUQVd4Q3dPMVFKSTdxRjdJSmtFR01nbE1Qa2YyWFFVdUt5R1ZoVWYxRnRJNEHSAYcCQVVfeXFMTVRMbVRaMERRaHVuaE9FV29PcGhFZ2ZjTEVfVnl6WVlUdFFvbjJ4dVNSYzM1aWZLMDNZSXRnWUxlRGs4WWNveWR4dXdBelJ0eGdORVdWUE9QOFlwOHRKdkc1Q2VLUlh5c3JBZTlVVUJpNjQ2c05qX3NfWjdnbFFCUWpjQ1NlWjJkTVZIcW9lNm1GeXVscDJHYWhHWDl1V2xYMGhYcjJZOFR1OXZTV2VRV3pmNk0xVWNMNUt0UWF4ZG5teHF6M2s5ZHBpTzNZeTRMUm9ZeDZDUXNNV0dHUzFEazZBSkZfN1NvRnRsSGM3Y2pwMG5wVXBhcHgzelhIR2YxZG5vZWM3UWs?oc=5&hl=en-US&gl=US&ceid=US:en,Post,0,0,0
Padmaavat,"Before Calling Kartik Aaryan 'Terrible Actor', Prashant Narayanan Roasted Ranveer Singh For 'Method Acting' In Padmaavat: Woh Aisa Koi Mindblowing Actor Nahi Hai... - Republic World",14-02-2026,Republic World,https://news.google.com/rss/articles/CBMiswJBVV95cUxONFV5RFBLMURPQUwyRUphR2Q1WFQ0UmpmUmI0LXYtQTA3c2JtOHhQRW55SUxtWXlyYW04U0NPMlZ3OXJNeVEzajI3S2dGbmRkLXg5RWE4eF95VXYySUZlaHJPbE1xQll3T19lSkVKSy1ONDgxdGxWTkE0aDFKTU9lM3YyNF9EQXBqdHVEYjNQMTZwSDRuZU9HVHZWOTFsOTRzanpXWkFLU010bzhZbTE2aFVJTTd1S2dPZW9vSW5nUWloRDFRM0ExRTVsVUlyQm81TDVkdUd6TWt1eUpuV19ha08wTDlUSEpSRDZtcjZNeWRLUGN2SEhIYnFXWXF0V1lLLUNXWDRvNWZPckVIMENKQ2ZiTlNFQmdxOWZmdTZMSE1WdnJVTmN3S2J0WjI4SHVMSWJr0gG4AkFVX3lxTE9TYXJMNkk3VloxcXc0N001RmNzdzF0TGVMLUNvejF6TE1EX09uNzRtSll0SDNjVUR2b1NjeVdNek1rUi1WNzBxYm1tYVRHTUtfejZacUFUWjB1c25JbXFpLVlHNXRtUTZ2VjM3MmtGQmV0blRVejRZWXlTSmc3d0ZDdER4YnBrcXJHS09oM2RacFBRSVFPVmNiNi1JV2VXb3lobnc4Qnk4dlJiWFE0NFItSktDTVZTMkVjVU5pZmFhUTdOVUpNTGFKOXhwTjFWRDRXNTMzemF0VDhMWWJRM2FiejhYWHBhZ2JONi1mc2JSWUtCdGUzcWlpRzFyU2lLS2lfeHYyVWVsWHdHZ3NzVXRoakVUVWF2d21iWVRaVlBDVVI5QzNZcUxZSGEySnZsWUxjSVE3UGpuVA?oc=5&hl=en-US&gl=US&ceid=US:en,Post,0,0,0
Padmaavat,"Padmavati to Padmaavat, Mental Hai Kya to Judgemental Hai Kya: Films that faced title backlash before Ghooskhor Pandat - WION",08-02-2026,WION,https://news.google.com/rss/articles/CBMi8wFBVV95cUxOZ2RyVFRDalk4ZnVIQ1BiYVVzd0h0RDZSRm9jWklyRWUtVDI0cGtwYU9zRVpKVmRkbTVoczJITEx6YVlWM0FsTy1xR3RNdEV6amYxcERVTmd0LWd0Q3AxZlFva3VhQUlUd3J5b2ZhLTlralBrWHA5WFQ0UHlQUTZxVk1RZlIxY2F6anF0LS1QNEFUNnRFU2U4ZHF3Y1gxLTY0ZFFRY0puX0Q3eUVlVVc2Q0gzVEU2andmdHlZZE1aZ1YyOUNBT3I4d3RoeEdRa0JVQjNialo0WDZHQWt6eTg4LXpLV1FxemcxZmJYemh6d1kxaVE?oc=5&hl=en-US&gl=US&ceid=US:en,Post,1,0,1
Padmaavat,This store in Hyderabad is inspired by Sanjay Leela Bhansali's Padmaavat - Architectural Digest India,28-07-2025,Architectural Digest India,https://news.google.com/rss/articles/CBMi1wFBVV95cUxPRjhlcm9UNDBXYkNqei1DRjBSZzVpLUNtTHczTHAtck5hb2JVRFJYOU9DaXZuejZPODZEdGNnRUhtWkpsd3c4Mm9DNzh4dW9NSlN6NUR4X3BDQjZ2NkU5N2kzRkVBZ3JpMk0tWkI1dDFkSEtDS3NvSDJ3MlBtb0U3YkxxNzZkanQ1TGUxbWRQY2tYNjNGRnJSUUxnNkRCbGNKUUxDTHBqaVNkeTNtVVpBVll6MUZjMVV0bVJGTXZSYXFVbl9SNVZmR0ZYQzhWQ2R1U1QxQ2dJMA?oc=5&hl=en-US&gl=US&ceid=US:en,Post,0,0,0
Padmaavat,"Border 2 box office collection day 17: Sunny Deol, Varun Dhawan film earns over ₹309 crore; overtakes Padmaavat | Bollywood - Hindustan Times",08-02-2026,Hindustan Times,https://news.google.com/rss/articles/CBMimwJBVV95cUxNU1ViVmNjdzUwTWtfa3d3bS0ySEVrUzI3Vmx4aHlyMmJQN285UWtPamN2XzlBbnhlcGQwWC10c2NHMGxlQnRzTVV6Q0FuVmhHSFF2YmVnX0lHWjgyMHBDeTNvSWpWYmQ5bVlETnY1UnYyYTNGUkN1cWRJcGE0VUgwbkd0aHJFUmlhLWtGckgtNnp2cWdWTHl2bmVWczdBYzdONmppRmNIdmRVMFFDY05YNnZGUHpLb1g2bUVWV3VZQ082eTNpdlNBbFBaWV9zY0ZKX3plcWdVSVYxRlNjMFhtcWt5NUtXdm54VjlZMlloM09LelB0OTZaYk1uZHVtSHhSQlR1dk9fNUIxN3pvNm1mU2xJaldKeHkxdy0w0gGgAkFVX3lxTFB3ZHRyY1pBeERpeVdJT0NHRjVQMUl5TGcyUzJ5cTVDQWdOMmJRTEFzNlh3LU02dmxjSWZycERvWU5ta25oaVBsZXRXRlhpMlpDSzlQaTM3OW1zMmZjeTAxUktaNlNHVWg4YXhmekY1SDRqbG1ndld3MFd1NXpEY01aR2ptaUx6ZnZPX2RGSjh0akZPUzJod2NFZzV0bWtQUkI5NE04SW9UdGllYnZMbjh0V1FFaHJEVzdVdndoUzBwSUQwTkt3N2Y4SXhaOFhPclVFUTh0MnJxSnM0RmVCcWVLRkJYUEdVVVB1dVl2c29SWWMtSnUwNlhVTEZIVXJlQndpaE9zZmNudlBiajRhS1NUNDhhZXVkckhYMEJpaHZyYQ?oc=5&hl=en-US&gl=US&ceid=US:en,Post,0,0,0
Padmaavat,8 Years of Padmaavat: 8 Lesser-Known Facts About Sanjay Leela Bhansali’s Cinematic Masterpiece - lokmattimes.com,25-01-2026,lokmattimes.com,https://news.google.com/rss/articles/CBMi1wFBVV95cUxNdHFxRFVaYUFBY2dMVkFDdmlTWjFqQVFyeHFYTE83V2FMWHVlam9oMVhUT0FWZE9OS1dfYm5lRWZrMFA3eHBjMU5XUUFKUy1DSVJtcFB0a09jaWRNNzl2M09vRFpGNjZMR1YxejhaaXFaVS0zajBBSUQwdUZQQzhNRF9IekZaamZnUFNNR3N4TkwtYVZxNFZfelFJcEIteW5WMjM1OU40RGpOVGlaRWtBc3M4UGZaTzN2UDV3eFhHRFdDVmp3Z05ncFc1UWFKdmF6TGt2aFo1aw?oc=5&hl=en-US&gl=US&ceid=US:en,Post,0,0,0
Padmaavat,"Border 2 Box Office Collection Day 17: Sunny Deol film overtakes Ranveer Singh’s Padmaavat, inches towards War and Bajrangi Bhaijaan - news24online.com",08-02-2026,news24online.com,https://news.google.com/rss/articles/CBMihwJBVV95cUxQcms3N0o0RGN6S290Z203MWQ2UkdPbFdVQUtwcW01Ykh0WmU0SWhzNVRjNnA1X0NFUGhYNnZLcURwUXF0S3BWeS1rek5wcDQxSGRpQk9hcjVsYzB3MGNhTEpBdWpmRTk3N25tTC1BNXItTHZpSlNEMm4tTGNncFZreDBXUGdlZmhzZ2xJWll2d3hwaVYtSFBoS0taLW1nQ0ItYTQtenhxOXJ6dXcyZTk5NFBVUGhxX1ZuRnZ4cExCS29OelZYdlVuOHhjOFVuRmV3Z0ttLXdQYjR6d1FCNlVKLWZqYzZsdGdUYjdSUXJtMmlBQ2dOc1NQOFlqc3Baamc2bDl3MXh0a9IBiwJBVV95cUxOb19TbHRPTWo2Tm82SHg4RVdOWHhzbm9oanZpLVJWQzBvb0dMdWNaZXE0V3NtRWdmM2JFRlM4QlVOc20wYkJ3QzBlRnN2Mzhkc0dKRHd3RVJoVk1wY0JQVTgzVDdGVHQtdV9QWW5zVnhIcWdlQ1BDd1hyOFROa0tvejg3TUdqN3kzd3I3OTBUNGt3V3V4M0U0S051U2VMLWNrSlpFUkMxYnFabHpaLTUwVUwxUXlmVERUdXVhbEJpc3RNVE9FREwwUU5pUzMwcDBPRS02Y20wcGJvS1d6UlhrTWxjVTNoVDRwSVZRRGVMOXRQalViLWFUX3Bxb1hJSUZvWWg4MnRzQjNCWlU?oc=5&hl=en-US&gl=US&ceid=US:en,Post,0,0,0
Padmaavat,Padmaavat: Why a Bollywood epic has sparked fierce protests - BBC,25-01-2018,BBC,https://news.google.com/rss/articles/CBMiX0FVX3lxTE8tR0JPNVgwaXZvNG9BOWpDTjBlUXkxSlVYQzJETVlnV0c0TEt2OExSZXZJdFlVOWRlakRsblVueWdQa3BvX0pwM19VOEhteDRGNjRkV21UWUJ2OGVzbUtz0gFkQVVfeXFMTkg1MERZSVktc0lkWTB2OUZUczFuZXJTNFE0TVZveHRmNThhTXBORW01NkJBZG4zMy05LS1xVEpaV1FOTTNDVmNIUEprVG1HZ0FSWTRaNXdUN3hRRWFEVTVhZzBjWA?oc=5&hl=en-US&gl=US&ceid=US:en,Post,1,0,1
Padmaavat,"Padmaavat on OTT: Here’s where you can watch Deepika Padukone-Ranveer Singh, Shahid Kapoor starrer amid theatrical re-release - Pinkvilla",07-08-2025,Pinkvilla,https://news.google.com/rss/articles/CBMiigJBVV95cUxQT0s1YU9zbnRQNG1wYm9ockEwZWlvTk5iUlJQSHJDWUF2S3JDXzMxeTg4eHBiR0IzaE81Y3ppbkoxOW54clNueW1OV0p6VzJ1MldacFNrN0FtOThWYms2TmtMUVlMb3RpeWV6Q19kYzF4RDdwRWRPa0g2MUVPekFXWmt5N0FNUXpCa0FaaWNZdTl4ZXloY1VTMFNBVWtzSjAyX0pCajd6SW1zN3dwb2lWeFI0c2JCSmdra29WSXQwOGdEaWdMLWhxTFVCN0hGNUJjejBIOGVZTk5NWGk2ZGxpdHdfX242bUNrRk5oM1ctSFpWMjBTUWY2R21xWGdqRVY0MTlOOEtFTm5jUdIBjwJBVV95cUxOM0tiZ3dCdGg1OF9ESW11LWZWNmplMDNTVWVHZVFuOXRBaUtjcnRXbVJXVlNSemxCZE5NNlN2bkxHWmtHOTZnaFlUeURNU2FxcWctbVFkMW90Vm10LVBweDkyOWExOXJfQWM2bE9jQ1lpMFdud0JqdkJtTWYtcldPelBDWlpvWElqYk1QWTlEd1RBVWVfdEpNbF9XODBsWnpmUS12ajN2MDZjVWVRQTBMbk1PZ182ZGxxcGxnSzhGM09rSklaMW1wQjZfa2FUNkxITHhnT2JvMmt4OGo2TVktTXpxUVIwZlhyYkM3dnJaT0xkb1QwOUJSMnQ0aU4wV2hNMUFKQ0VHeHR4aERUZjd3?oc=5&hl=en-US&gl=US&ceid=US:en,Post,0,0,0
Padmaavat,"Border 2 Box Office collection day 17: Sunny Deol-Varun Dhawan's film BEATS Padmaavat's lifetime earnings, mi - Bollywood Life",08-02-2026,Bollywood Life,https://news.google.com/rss/articles/CBMi0gFBVV95cUxQQnFxOVZNdkRWb0h5cUoteFd4VUJhekZMZDZXV1lpUWRQQzNxS2ZyN2xVeUlDenpTZVlKS05NSzVSNVhYbTYwZkJab1NET2l0bGVaOWRjbWdaU3VhdlJwbkZFVnJrUFRpM1p4X3RKZjlPcDh3MHB1Nm1LQkR6cDNjanRMM3VpSGpvb3llTEhhRkhFZEVieWVfeVpBdVR1WmNvZkZVem9GUlJrSTEwaV9yTi1kellWQl9icFVhbXkzazRXTGhBbG9ZWDFtUGZnNFhYOUHSAdcBQVVfeXFMTl82bnB2LWF1UWV5dktPLVdVQ2JMczVDY0czZFFCUWtHUGNpWHhqWUVLVDlWazVFN1lFcExjY0hQLTYzVnNSazFmbWxfUUZSUXZNdWx1bUwtMUlNd3dPWDE3YkFycFllaVRndUhZODVTYjBGcjRzMFlwclZBZ245WFh5bmhqZnJmMmdMRjJJTU1WZk5rdTBlUElGT2p5ZXhkZm9pRFYwYXdtbzVOSDA2Sm1BUVY5eGFWbkpkRE5MTkxrQ3FfY3k0Zm55aFgzVzhXWk1qa2FrVHc?oc=5&hl=en-US&gl=US&ceid=US:en,Post,0,0,0
Padmaavat,"Ranveer Singh’s Top 5 Highest-Grossing Movies In India: Padmaavat, Gully Boy & More - Koimoi",04-12-2025,Koimoi,https://news.google.com/rss/articles/CBMiswFBVV95cUxPUlZpOFdtazRDbU1BQnl2ZjJjMVlNOThyV0lzUFdOTWtWRlFhNzBrRUstSjZxMlNHLU92Ujk4Nkt4ZHRVbzJNRnZzMVBWbEZDVHNfeHAxajNCOG1hQjVMZS1WSWFMVERPeHlCcHFSdVFETklfYWhhdEZxUUROQmYtV2dPWVNfcTA3c3paQ203aEY5S05hWTNYNWZnYkU1ajRUbUQtOHlhaFRFeW40TDAxaVpYQQ?oc=5&hl=en-US&gl=US&ceid=US:en,Post,0,0,0
Padmaavat,'Padmaavat' protests: Court refuses to permit Gujarat govt to withdraw case against 19 Karni Sena activis - Times of India,02-01-2026,Times of India,https://news.google.com/rss/articles/CBMigAJBVV95cUxPMHNKUjkxaDlBMlN2N3UydVBGckl0cVQ2QWlpdXFuWHoxak9rcGRibmw1bURqOVhDNnQ5T2Q3WTJBYnk4bEhfVmFobGI0cFlPWkRqcWNydXVFekFMLV9yZnVuRXdyOHd3YV95aFB0eTVkbDFKYUk1RmtjVnZLZ0hId01qTzJkcGtCanlJc3dmUTBYU1RLMEhGWWwwOVNsemlzWURSWTY4bGpsd0FHUXlGOGgwUEo0dzYxc0JoeU9ONDFkNTdiTVZPN1BoYVdaX09YZXNzd0pORjI4cVcyYWtycTBmRTdCZ2pmUXVhQXVlYzY4ZUFUR1J1LUNEby1nUE560gGGAkFVX3lxTE1GSWtHWWozU3JtaS13UkR1RGtFVUM4dmpIc1lJZDRZNnRrc0Z3YzgwZmZab2NlVG1mQ0xpRnRkZU0ySTJTY1kxcm9FQWh2eGwya2k4NkhRMzAtMXpNWEdzR1M5dEs5S2F1bFNQS3NfVzdGcjlTMHhRUFRGMkE3RnVzeDJRTXN1dXoxNUFWZGRGcVFPcVZlRGZHNkRBdXVSNjJrYnFGZTJYdnVfclRRdHpSYWhqYnJuZkhoaTR1NTFTWTJwOGV4b3cwTGNaclVsTE0wMG9YRFlFVC15czdYMklIUE94ekQyWl9Rc09ndUt1NkgzT2U3bHRRTzkydGVLVUw4dWllS2c?oc=5&hl=en-US&gl=US&ceid=US:en,Post,1,1,2
Padmaavat,"Devdas to Padmaavat, how costume played an important part in Sanjay Leela Bhansali film - India TV News",02-06-2025,India TV News,https://news.google.com/rss/articles/CBMi6AFBVV95cUxPLWRUQXV6eEZVUURuZllSclMtemRIZHlZaDJrLXFZYS02SlNJdDE5SWtNRktUOUt4Qks0Ri04SXR1QlZjLXdiVDF5T2JHekphVk1udzlkMWZVOURjSlI3dUVGR3NPR3BLWDBna0Qzam12bEtQV3dWeDZEWnJiNi1rSVA5U2V4SnplSTdicERKNEotQzlTcUxqOW1aYzN1a3YxeHpOeWZlMXoydWJqSnJ4elhCZkNZU1UxRzY2aHpmV3RYQ3dBS3VBWXhKM0pxeTlMejRFdlRBNU1IX2F4Zmh5bjVaOXJsN2ZV0gHuAUFVX3lxTFBYUWdIMkdibFlRR3VPQWl2MmhkeFZsSXRUaFFlZGd1b1ZrSnk5X0ZRbXJoZTRmRE1OZGNBa1p2czJrRG04Qk9oSnYwNDAtZWgxY2lKYW5jNkx0VHpVcFhHVkpHeWZZTHBabE14V01IbzNHYU9ZcVd1WjBPNkx5a2RGc3Z6RUVMcGFqVVplR3Q5OHRPcUZQdU9RZk85Q1NxTjBrLThOWFF1bE1rYmNEVVUxaWhyYU5IWll6WENVSElNYXQzLVdUS2JEc0tiWWY5TlAxUkFqUG1TYnNBd0Zxb1FLQzYxS1JGUVFhaW5JZUE?oc=5&hl=en-US&gl=US&ceid=US:en,Post,0,0,0
Padmaavat,"Weekend Binge: From Padmaavat To 83, Ranveer Singh's Top 5 Films To Revisit On His Birthday - NDTV",05-07-2025,NDTV,https://news.google.com/rss/articles/CBMiuwFBVV95cUxNWEVzbWZ2X3VORnptNjhBcFVnTzdjQVFQSTdOVS1XajIxRTNZZ251ZGY5dGs3SnVyd1g5M2lGUFlaUlU2Q21CTXRqaTJIcjhsM1JlYzlTNXdGSFNhZExLZ29Mc0xweWtNRzgzU2owbkQ0Uzd1dmFqN2NSNXlvbmI3LWZ2SnJVX0kzR3hLcWR2bThiNWZ1NXZpY0hhemZOdkZBaFRQVmF4REd0S1lZNG01SVhFWkpSMkhGem5v0gHDAUFVX3lxTE4ycUpTVTFfVHp2aDlzRDNsM1MzNWZ1ajhwQjJQR2NGOVRzM1lLaEM4QUlINWctaUdpSUg1ZHdPaFFmeTQ0bWFkUVVPMDVJNjc3bHNWdTV5WHc1Wk5KTTN4TFhZTl9kMWU1eEExUmhQUFRwc252SElJTUxvMUFyVkxIdFZuaHFTYTFtdG43NnFoNUh5a3VyWlVxdkFRWm81Sjh0UVREYThXWjBocENRQ2wzZDQ5WjhGNXROdG5STGgzS3JBdw?oc=5&hl=en-US&gl=US&ceid=US:en,Post,0,0,0
Padmaavat,"Border 2 Box Office Collection Day 17: Sunny Deol film overtakes Padmaavat, crosses ₹400 crore milestone - Mint",08-02-2026,Mint,https://news.google.com/rss/articles/CBMi9gFBVV95cUxNa1BjcTI5d2g4VnJuVE9NT1FPUG92SHAwOF91T0tPd09KWVJEall2bXNlWndUUDdxWG9JaUl4dUtuTDRfZmJsd1ViTjFTaExZVi03VmF4YTJTd3lIdlBONnJRT2ZFZ2hMR2VBTmtDMGwzYVNIdkl5a2VIdTZxY1NZRlN1SnBNMTZNNmpNVFU1TUpsM3paQmlNVVpmcllwRXUyNE4zZVE4aE1DRU5RLWctdDFveFJncW10SG1ubnh2UEJTQW4yVTVYdWkydTVwVlVRT0NLd1pFYTBPX0ZoUFM3TXJkWU95YnZFeGdrd1E2b1NDMXBJbHfSAfsBQVVfeXFMTTFkYnl1QTRjMW1Nc2tOZEFPYzNPUzZySnc2QTFCeGkxdWhValNENXRNWEtFWlE0cEFpOFdVRkpZblQxbjlMRkRiZ2tYa2FCUjl3LUxvZ3gtdHd0WXJfQXhsekR0WTlRal9iWUY5bTBPSWcxNlRJRFVESmw5aUEtV01QbTZQNlZWVjFBVjhUb0p3b25WWk1OcERrR2NZbHVFcW5pR1B0a3NteFF0dC1ZbWZiUmZxdWNvRzh1OVkxS0dTeEF2cnRCREdtWndYcGdIRXNzOGxLcnkwRlF1ZUdNOUZqeFpPTFY4NVg2QUNacndTeTdRd2g1T1VLZGc?oc=5&hl=en-US&gl=US&ceid=US:en,Post,0,0,0
Padmaavat,"From Padmaavat to Piku: Watch these top 10 movies of Deepika Padukone on Netflix, Prime Video, ZEE5 and other OTT platforms - WION",05-01-2026,WION,https://news.google.com/rss/articles/CBMihAJBVV95cUxPbmJZZkZRd2dtS09QYTlwS2gzbTk1ZS1kY1RXamlSXy1oLXh4WE51aDc4Tk1PMXUwSTRWUTN3VFBqaGRLOEd5d3hveENQU1JhLWtpMWJ4NWJHNnFFVjBOSXY4SVMyWE9kOFRvZjYwcWs3RlcwV0QwbDR2WXpMbHVWZ21tbElXcG5zZm44QUx5bjROX0ItaG50VE9YaHM5RGNDVWJ4OGt3TW5zMXJnYVZJRWN3TmoteGRzRG5UQnNXQnZSYm9BQWN0YkFfOGFrNXVtWWhkNG9qdWJNeHBvZUFTRWdBREZKZXNpd0EtUkM5WDJvYzR4aWhJNjJSQXZHSFdBX1BVUw?oc=5&hl=en-US&gl=US&ceid=US:en,Post,0,0,0
Padmaavat,"From Bengal Files to Padmaavat, how these 14 films polarised politics and public opinion, caused uproar: India's era of divisive cinema in pics - WION",20-08-2025,WION,https://news.google.com/rss/articles/CBMikwJBVV95cUxOTTM5MnV2WWFKc05maC1LR1o0d3J2RWh5djBfVTZ4TTRmN3dSbEM2T3pMN3dGNDZUTGRhbXdlMlFfTW9uM2s5Tl9XbEk3QVhJa2VmUVVXNnpadzMzOTVNWDZSbmI3cDNueGJfdzR0Ti14anFuNXcxal93TzBGQTY1eVdrYllMSFdrX2hmbTBwb3cyTkxUci1DWHRCaTFERU95U3UtTlJvVDlSRkdtQVNuN1ZjRVFuVXRsclRnZ2xkb1ZCSDVfWmRYdVE3V1VwbmJIdFg3SzVyOWQ4SVAwb1lNMDh6ZU1yUTJfUl8xMlU3MTJrSV9iOXFraXN3YlhXWVJzNnBEdVhIWmlyT1Y4cnF6QXEzdw?oc=5&hl=en-US&gl=US&ceid=US:en,Post,0,0,0
Padmaavat,"'Padmaavat', 'The Kashmir Files' to 'Udta Punjab': Bollywood films that overcame CBFC bans to hit the big screen - Times of India",02-11-2025,Times of India,https://news.google.com/rss/articles/CBMipwJBVV95cUxNSzhTb0RwTXNRVDdyYVE5LWZPNjM1MUV4T040SzVnWkVJWFNaOU5PdVEzZWZ0UjRvRnpyT0R4Qk9PVllabERTNC01QUhXOGVtay1ZX3drd09zdUQyZUQ2RHFKR0UwWUpsVWFGQ3BoamtxaFFuYlZuTmtTU3UzNHdPeW1vMTN0cUxNWTJnVWJuSXJPOGdmVkJmWGpablExZm8ySU1WZXM5dURkMVJleFF1R0d5MGVzNnpWbmpQdkZFWVFIR004RF9qbXQyZUZxMG50SmhLRjJEMDdOeGY4cVlFR1dPOVZmdmJiVExpa1FITGRGSkNNV0VKOEwtS2dOa2hlNnQ1WDRVcWplOFY0NDNhRXBWSUVwaERFdThUSENkc3dBY1BPcTU40gGvAkFVX3lxTFBpZS1ja3dNLTlUb2dsV3FsMHdiaXZ5N0N0SDIxR1pQcDFRNkp1N2tkZWFBU0xmSWxnSnFvdXNkUmptYnVreXM2bldFVk1yQW9jX0hzNDZZbkE3R2R4eUNUVnExQWlFX09STFVjUWFJMTBILU84dVBMd0V6aGVNdUF3VnhDcWtqWTdTS1QxUUVTQWFLTVB4WHNoam5fTXd5ZTktTE9lUThVZ2F1b09xZUlpVDJYTHNYM2dHTmFycENMQkxyRXR1TlZpdExwNlZrQkl4TVBibmRpY0U1OEEzQUxHRWVNdW5fS3RVNmxhZDNEd25KcnJsbjM4UVVCcWl5THRjamJ1T1luSTluV2hyTEpvZGFQWXhudC04MlZ0ZHlMUHBRWnN3S3dwSHZnMUtSSQ?oc=5&hl=en-US&gl=US&ceid=US:en,Post,1,1,2
Padmaavat,"'Dhurandhar', 'Padmaavat', ‘Jolly LL.B 2’: Bollywood movies that faced legal trouble before release - Times of India",05-12-2025,Times of India,https://news.google.com/rss/articles/CBMilAJBVV95cUxPS1pyRHNHYzZvbmdyOHVLMFlHOVpCR0VmVUJYaTVHNl9GUHdWVWtzWXJZRTZlZlNLR1EwUTVpV3FqZFVGSTFlTHdvUkRkS1ppeGNfclEtWmdlTmJQeHZuV0tqQmxPMWYwY3hjMHppNDBoVzZTRDM2WXNGZlh4S0lFbVRKdUlFVFUyNUFtbnp4Z3oxQ3hHd1VUeHhnXzF3QWFlclAtWTJTQ3dNcklNWmsycWhNaU1sdHY4QW1oZ0pCYlJWdDA2NllNamZIdjhpZHZYX1ZjNzlZMmdLX29zRmRNZFVGMk0zWmFjS1h1dTduZ0g2MHFoT1hnbU1wWk5WbnNDLXYwUHgyS2NBbDFsR3RUS0JPOUrSAZwCQVVfeXFMTWFJMGliczJwbnMzeEF0a0taX3U4cjVPY0hfSHhRbXVvaXJNRlBwUDNPXzNjZ21TNnE3bUFpZ0g4NzVJdC1lb2pyRUdudUdKWURCeFRzSEtxYU16VXJjaUxOOXhaaXFPbnpYNm5iYmxYaEU0S0t3Q2ctTno4T1JSQTA1eklrcVctakNOWDVxMVlRVmt6MU9nRFFmQi1ieVZhSFhIcEdhN2YxU3UyeFZadzd0X3BNTXZkaTFNX0M3QTdXZURtSGNESXdsTmhUNF9KcU5KZ0tER3ZKVjhGVjcwVGVIczIyRFNVVHJXTDNOa0VtUW0wTFZKYzRWUXFMeGk3S05HRFFlMjZGd1JFSTFTZXJDZlBFNGx5WEFVQ3c?oc=5&hl=en-US&gl=US&ceid=US:en,Post,0,0,0
Padmaavat,"Did you know Sanjay Leela Bhansali offered Padmaavat to THIS actress before finalizing Deepika Padukone, but she rejected because... - Bollywood Life",10-04-2025,Bollywood Life,https://news.google.com/rss/articles/CBMi1AFBVV95cUxQdms5SEFpNjhqNXNXSUdibUpzTUxIQzAybF9YdTh1RUtiWGgyWnVmQWNSMUZZV0hkUkVxUTNudkhZcnJVN01hN19fM245MVVKeFRHcEJnejE1UmVNbFZRRnRhQkEydVk0UkNEOHNiTlJObGxkYzVvaTMtelF3QlpaOUZTWnEyY1pYcVE4Tk9pLVFoSXM3WDREUnNDYlRVUDcxNHZjUkdvQXc3Z1dheG13VVRud0h6aXNyb0VfYlBLSkRrLUo3NVBwSy1Lck9nY3ZYNHk1eg?oc=5&hl=en-US&gl=US&ceid=US:en,Post,0,0,0
Padmaavat,"When Sanjay Leela Bhansali was slapped on Padmaavat's set: Ghoomar dance sparked the national debate, earli... - Bhaskar English",25-04-2025,Bhaskar English,https://news.google.com/rss/articles/CBMiqgFBVV95cUxNaHVJS2ZhXzR2UDVRRGxVNC1TT0k4THRYTTB5Znpwd1lwVDh1b3BXcFA1c0Q1Z0VGRTdQTUZkalJxWV82MEtRREpabWo5c0hjUExrZHVMSWVpSDI3VWpGSlJBQ0g2VzdpMHpLTlZrTDgyZTJ0SzNLM05FUm1aTmk5U2JSRE9ZLTdzZEV5Z0RYekx4Ty1UQTc2LU81Q0ROc280LVBCUUhDSEVYZ9IBrwFBVV95cUxNaHVkaExvYlhRVGx0ZldIMGlmXzlaS0lnY0hwRzFoczRydTEzY0psMGdNMU5JQWtTVmE2QXdMU2E2czhSX1oyd2xUZTVTaUkyVkVra2RWWllPeDBfVnE5TDIwcmJpYVpHenlyNjE2Wi12cTAtdFVwZXo3UUMtVk5aeDJNS25HN0c2ZGdKTEVzY1lCUWZhV2hEVEhjeHRDaDlFc0NiQ1NuX0RrUmsyYlZB?oc=5&hl=en-US&gl=US&ceid=US:en,Post,0,0,0
Padmaavat,Padmaavat review – Indian drama that sparked riots is a fabulous tale of love and plunder - The Guardian,25-01-2018,The Guardian,https://news.google.com/rss/articles/CBMitAFBVV95cUxPVnh5cmVTVExuNU1xUVdkUDBLaUxPeFp2dDVtM3ZqZ0daVmRmRS1WSkFVRUNpcDNRSGFEa3oxSm94Zmh6aXBwNnQwVEFpbmdfZE16UGpWMV9Ld1JFUkRpNlZQSUp2RHNIMWJLZUNBZ3dvUXUtdGZzeUoyLVpCSW9hem1ac2tWNUF6SVNtUXFVSTJFeEU4YlJkVVRGbVZLMzFvWFlYQnVGN2VVbFhYVVMtaG1mclc?oc=5&hl=en-US&gl=US&ceid=US:en,Post,0,0,0
Padmaavat,Controversial Bollywood movie Padmaavat to re-release in theatres: Check why it was banned in Malaysia - Mint,25-01-2025,Mint,https://news.google.com/rss/articles/CBMi7wFBVV95cUxPWmJDcVBJWXJPT3hqdWtSN19OYWdpR1pRbE5ETkNSazEtaG5sbjZGOEpfRmRfUGVXQ0MzUnItT0lfYW9DUGhtd04wOWxwbHpLbFdQQW5FcDFnYVMyVE9zSEYwcDJfR01nbWNRcXlQcW5HbXR5VnJ1a25DdE5kb3ZPd3Rwb25wWjY3dXlMSDdobmQ2NlhwOFpRNjdHMVM4QTlwWFo4R2RTZ1JkZGhWRmQ1WkpUYnlZVGFXNTFBSzRrdjZDUWYyU05TaXFpS2lvX0hpemdGcjVGRGJNblpJV3g4WUlmTUxBWURYYjJSamVzSdIB9AFBVV95cUxORnBCLVVTdXRLek1iMjZLbDZ3aGlPUjRRbnJwOU9sWmgzLWF4X3hiZUpUTkRKcE1uYkZjOWRjc2J0VVJ1cDNrc1dmcWVmdm5OeElzUC1zYVdOQTlNUFdEOHRkelFRR0FzRWg3MDhuWHRud2JoZ3RleVlDcnpXMzVveU16RjVIUmM2Wi04eTV3eVl5dWNFUzEyMzdsUjN3aVBqb2lxWHFxUUEyZXB1M1hHamtSNG81SmpVdFpKSGJYanpkaEZlRU5BZDBQaTFPYTdTUmhqSWFteTJFQVl2NzFON2JJTmtxX2dmWTltLXFrVUd6RWN6?oc=5&hl=en-US&gl=US&ceid=US:en,Post,1,0,1
Padmaavat,"Before Deepika Padukone, this actress was offered Padmaavat but she rejected the film due to... - India.Com",03-03-2025,India.Com,https://news.google.com/rss/articles/CBMi0gFBVV95cUxOMHltaW5feHF2NWQ5Zi1fVHE2dEVPZWJVRG1fRkNCTkZrOU9qLXpDSnNwckNYdmxmWjZSSXJMd2toblhZaW5VMzVfY1ZiQkxIRTJTRWt0ZmRyN1B3M1BVQjJPYUpnNDM3NlplcFUyOVB5V01TZTlodk84T1JfMGhHOEU4ZzlPb1h6LXl6VWU2YnYtVHotQ1kwc2FUVkRfRnBITDhYb1hWRkRGUUN3VXNrWWJ4ZWVoRF9nN1dYRVRUUnFBams5RFk1ZmJzbmVFQ3NUZGfSAdcBQVVfeXFMTjlzVThVc1F2YncwT1g0ZG1uazczMnB5X3NBNTZYSW1mZVNtSldfNXZyOUNBTWpSTG1NX1lqQXpCbTY5dW9lQ2Fwam5VM2FnZ0ozZEJYN1YtcTNPODRaRG84VlZNTi1qd0VPeVhZclNnVkdxODV6WnFzSXZDT2NVOUxmdFRESDZVbVgtR2hXSzFiQzZua2NOX2hVU1ViSHVDUlI4LUpzanFLV0pmY2ZRTzl1bTVXYll5RlI4eTFJTXpYRnZFcWIwbVNVckhmLVNJS3lpMzBITnc?oc=5&hl=en-US&gl=US&ceid=US:en,Post,0,0,0
Padmaavat,Did Ranveer Singh's Khilji Had A Dreamy Steamy Sequence With His Padmavati Deepika Padukone? When Sanjay Leela Bhansali Put A Disclaimer After Wild Rumours! - Koimoi,20-04-2025,Koimoi,https://news.google.com/rss/articles/CBMilgJBVV95cUxNQW01RUZQRXQzX3k3b1d0Z1UxRkZ5dktueW5EdDFXYmFhdTgxQXBZMnNwUHljQmdKRGZkeVhHQ1BBQjU2enF5VGRNTmhKakhDQmZ4dFdpam1BN0kzWmZuSGRpRUZEMVVYUC1xX2lEWnNoQTd3MllxODl0LUlobUk1TFFXWGluTmFFMTZwMlN0akZFU3NpSGw5dVRxOVd3dE1CTVJRbEFzWFd1aDhUbk5acmN0a0xwdDRnT2pqX2w3QUQ5aF9ZeUJKT2lZZERpZGlWdG53d01POGhyTnZ6c0VTbE00ZUJyZUE3dzlkckFhVFU1VF9hWVpRcGJWTXg3YmppVHptVjU4eFI3Z1lWNng5OHk1cDlNZw?oc=5&hl=en-US&gl=US&ceid=US:en,Post,0,0,0
Padmaavat,Did Sanjay Leela Bhansali disrespect Shahid Kapoor on the sets of 'Padmaavat' with Ranveer Singh and Deep - Times of India,27-01-2025,Times of India,https://news.google.com/rss/articles/CBMi4wJBVV95cUxOS2FoMEVWSmxudW9pOTlsMTlPLWF0ckdVQmxCM3dPcG0waklqbE5kZnQtcExnUHlJWHdtbnBXMEh3eEpRYWFVWGZMRmQ0QmJ6eW5pb0lSa3ZJN1Vub1dKN0ltVW93dFRVRWpuWnFlc3I2R1U3LUxXMUVFalVveHRsTVhmeFdyTEFuamJyZEEtVDdkeXBGSXdMajVkVlBtNE1BS1FJM0V0MGN0Mm56bF9hVEtwcVg2bVNpaGppNFpHVnRxQThpUjU4RG1MaVk0U2pJTGo4ZGF0bW1vdWN1a05GWTd5TGJZb2p4UGFzTzdxbWdDcmFNTTdQdzhjWmVaR2xRTnFMZmFzYnl4VU1Wa3lLQW1zY1BadlJzM2t6NndULU5lbzU4RjFnaDF0NGMyMGFtNWxibXdvalc2WFhPeTI4TkNOam1DMlN3SGxCdlN5YW1Rb0VvbGktWDk2cDNaNzYtXzM00gHoAkFVX3lxTE9ZTWRybUZTd09pVFBqN1VuVWNoYUhaTW91ZmxiM1JDX2xpeENFQXRrNGJUOWI1R1BmRzA2VW42R2xhekV6MGdVNFk1VFZYU2JSSS15QUNMT2NYWHZNSmFaYzhPOEQ4dDJUZkJmY1VSeG5oOUZfYURmbDRMU3oyM3pXRXFxN21qN2VDdVl4YU9rUUpJUk5NZTN6VUE1YVhaQWwyYzBmUU1TSzNncjRhNE9IR0VFWEFHRFNzMzNGVG0xWi01OUtaZjRtT0Q3WnVKNUdUNV9GcEktTDVJYlRjSThkdl95UUpLdmpfajdsTllzUnYzTDJaMWR0MUpabjVaNGx4M0sxWnhTTE9ldmVCUUd1SWJOMVlmR3VQZ09pdTdoU0l3bWNfZERsRDJSd0o5eXJqbkgwNEhkeW5rLVhzMkZRMzZ2YUtOMmNsbFk4aGZTODVCNl9zc2NxVjlySXdGaFZwLVk1ZUtJSw?oc=5&hl=en-US&gl=US&ceid=US:en,Post,0,0,0
Padmaavat,"Opinion: Bigotry And Islamophobia In Bhansali's ""Padmaavat"" - NDTV",06-02-2018,NDTV,https://news.google.com/rss/articles/CBMinwFBVV95cUxPcTZ0bVNrYXFFYmxKNTM5TFpRLVhTUVFjTll0VWtna19fUDNCVUpuRzFYaXVrTFRsaU5yZnd1eUVwcWJRWEcxY2dpUG1sVlVZVEZNUkN3UFVCSDFSckhPQV83S082dW9WQnhrbFBJT25FU050SDg3Q2dWLW13VjRHV3NwTmYyWmJlRDdST0JmNDJTMGY3Qm1OV1Z6djhySUE?oc=5&hl=en-US&gl=US&ceid=US:en,Post,1,0,1
Padmaavat,Padmaavat Ending Explained & Spoilers: How Did Shahid Kapoor’s Movie End? - Yahoo,07-02-2024,Yahoo,https://news.google.com/rss/articles/CBMilAFBVV95cUxNN0Y1R2JkbDBpbWJxbmtJS2FUWkNtMkw5emdONU9qamZjSWg1RG1nSk9FUDRXYURqOFBTeVBjcy1FWV9iWm55RzNSUFltZUJTNm5wUThDOUJmTkpudmF0S1plSHdtS0ZWZ1hxMXlXUVRzdEdrZWdQbExhOVYtNzF6TVR0Z1FHNVB3V1RrNkk2by1LMWhM?oc=5&hl=en-US&gl=US&ceid=US:en,Post,0,0,0
Padmaavat,Sanjay Leela Bhansali on overcoming controversy and creative struggles during 'Padmaavat': 'Giving up wou - Times of India,25-01-2025,Times of India,https://news.google.com/rss/articles/CBMi5AJBVV95cUxQOUJ0RF9feElxSzF4Q181bm1ya0JhekFkTkY1RVpTUjZoSHlfTGtaTXp3UTBnVDJETUd1QURsUmtQYWRCZFh6RWpJOEM4V0RLQ2h2b1FzN3M1YU50ZlNGbVZTZHNUaEhLUTFFZWNJMjFXNG0xNXR0ajBybjg5WjdvUFZRZFBwV0JhcUlDR2dLdWI3dno1SHJXYUdQam1ScUM0c1JpeFE1eGt1V0F1NkpDMnRiSkhUWmI4ZnUxYTdqbXB1c2ZZNkVRRVNpLUZlWDBLNFVIeWtHVzAwaksxNzV2NFMxLW5rTlY2Tk1KamNIdktaTGhGUXhxVkhSRHhqVWdjcngzWVl5VnZyZ2VRam9iNGN1SUtKOU1HTkJmT21OT2dBVDlhU2ZvamZKVjZkdEc2TGlFWUlvOGV1bXFudWZvVFEwT2lYaGo2MVo0OVFfNHh6d3hzWjBnMEM1b19Yc01UT0ZkVtIB6gJBVV95cUxONmphbkF0Q3BpYnRJOTZQc0RFeENLbmVhR0lpeEE5OEkwTW5RQU1GQjYzN1R1enM2OGNiOUxOdUwwMFJQVUU4OXI1Z2wzcGlYRVVGT0RUY2FWcWFLVjAtX0VNRkxyUEZnZ1RDb2VnTndEZ1NQd0xCOWxRcHdqM1NiQ1BQUWVQa0IySGlZdGkyME5JU2NYdHFfcXpyQ0NERHFKbFNfY2JaNzdwTGdOSlAwMHBRWnVCanFqQnRSN1R2eHZtOG9ST3dMcDJkczJQeXE3dVNqMXZ2RUJ2cF95ekhmOWNoTzRwRExOZHNZSDc0dDNGZi1oZmExd3VUazJVTWEwTjA3TnIwM18xTkg0NU1BaFJTNXdPalN0ZU1veDFKVDdfXzloanhwTkJhMjVxNXFwQVhjbWg4dDZmWjZJRWhDbFQzMjJTM3pFRkNtQTNUNHg4RUZlQTd3UzB6MzJCendyNjY5MkpRV2RBQQ?oc=5&hl=en-US&gl=US&ceid=US:en,Post,1,0,1
Padmaavat,Padmaavat Review {4/5}: Padmavati Wins Its Trial By Fire - Times of India,02-02-2018,Times of India,https://news.google.com/rss/articles/CBMiqAFBVV95cUxPcjZmcWRPN25VSnp2M1hEZTRZVEp1TlY3Z1B1YS00OEdJdXdES0NVSjh2azFkOGVra3BuSWF0MDNNTlVMcjVhcWhCUFJvMzhUNm92TE5VaC1hLUV3ajBoLTEwMEJaeWxYZGdCa01LVXBoTXNVSjYyTU44bURta0Z1Q09GOHBnNjNKU2gteHlBVWdFdjFDX1RBZDJ3eUhuRUl4UTluT0ZxbkvSAa4BQVVfeXFMTTdTblljcXRIaDhOZ3VQelJ3a2V3eDQ3bHdqd2pKTlNaTmRMNUVTNGdLTF9YQXNfYUl4bEVQX3NXZTh0SVFKRFRGSnQwa3ZJRnZKX1VWRW9feklSbThwTXRXN3NrUW90azU5TTRDNHBwU19KUHM0Yk9XYlpnOXp3c216YktwTXM1Ul9MbDBqdmFzSVU0U2N1Ul9kcVJITjRrc1MxWjY0M2ZKTlRfY193?oc=5&hl=en-US&gl=US&ceid=US:en,Post,0,0,0
Padmaavat,"Violent Protests In Gujarat Against Padmaavat, Minister Says ""Natural"" - NDTV",22-01-2018,NDTV,https://news.google.com/rss/articles/CBMirgFBVV95cUxQalpPM2FueklOLUR1eEhFMmtjMUNDU3hDOXFrX19jcFItZ0lLTkdGbnF0TXpuSDFTRENoUmd5UXJqcVVfcG92bUI1VEFaX3VNeThJby0ySmVOTW9BS0lwQXFiY3RwSGNsTzR5Y0JUWHM5VFlvY0R3ekdDNnRGZkQtSkVhbW43eWZyNDFuZFBhNTN2R1FYcV84bEVjZEQ2aExNRGJod3ZDYm9fNzhLenc?oc=5&hl=en-US&gl=US&ceid=US:en,Pre,1,0,1
Padmaavat,‘Padmaavat’ review: an insipid love letter to Rajputs - The Hindu,24-01-2018,The Hindu,https://news.google.com/rss/articles/CBMikAFBVV95cUxOMDluN3hLaUVZdEpWd09jNE1ZZWZLS2lXcWxKRXZMcENMaUZNZ1dBSGVxQ3RwWUgyd1N0X1dOZHp4aThEbEdvM3RvRzd6eXVCVUhCSWVwY2FvdjF3d2FFaWV3S2ZOcnQ5UkNfZ1RLS1VXdDEzdkdZYUFONHpOc0NYSWNKcHBiSlZtUzR6VmhBSm3SAZcBQVVfeXFMTXdncU5ULXloS195RVlwcU5fcTN0YV9YaTVESks3RmFzcjQyaXkzWElFRkpRX2g3XzlRV1JoUU1FSVdLeXV4NWF6bThZdnlqLVhPMDh4ZktYTE1IV0R1ajI3UkNXaEc3RVYxc003a1cxbThKeEtGaW9jMzZSbkNBUDUyUTZUbVBRcVB1dUt3ZDhzbkdKcnVTYw?oc=5&hl=en-US&gl=US&ceid=US:en,Pre,0,0,0
Padmaavat,Padmaavat: India clashes as controversial film opens - BBC,25-01-2018,BBC,https://news.google.com/rss/articles/CBMiYkFVX3lxTE5sUnRxTVdDdWpwUGVpREsyT1c3R0I1aEdlVXhWSlJlZFBybWg1NWtHeXFfQmRsek0xTDlUdkhsN1hkTXc0TVlPTWlmNWNUM2plTFJneXZGODVaZzFoZlR0Y3NR0gFnQVVfeXFMUEtNcW02U2lhWGowcHI3ZHRHWi1hRHp0d0ZJVjZ1QXlNS1k1UzA3SU1jaFVvWTJrcHdoYmJuSWdnWUw4QWRrNElmeUVBZkRzaUJSdDFiRU5oQjdTbGpBdlE4M2w4YWtUQQ?oc=5&hl=en-US&gl=US&ceid=US:en,Post,0,0,0
Padmaavat,"Ranveer Singh's LEAKED Video Sparks Controversy! Dhurandhar Sets Scene Steals, Recalls Padmaavat's Khilji - Watch - Glamsham.com",02-06-2025,Glamsham.com,https://news.google.com/rss/articles/CBMirAFBVV95cUxPNmtod0JyeDdpZmlocDl2SEp5M3ZRR3o4VE1GV3V4UW9OQzJrMUVCWlhXSkdKMkp1QjFTVi02UF93dFRNLVdCZk1wTXJMVFJWb3BvSV9fTjc4SXZ2R0d6cG1ob2w1d01XM1g4dWJhdll5c2NHQ21pN2s0djd6eHVRbnk5anFxTnBSWXdhWVJZVS1Yc1hrZ0pINTAtZ2FiaFR5WWFUSTZUWVlrM2dh?oc=5&hl=en-US&gl=US&ceid=US:en,Post,1,0,1
Padmaavat,Padmaavat Row Highlights: Sanjay Leela Bhansali's Historic Drama Released But Protests Continue - NDTV,26-01-2018,NDTV,https://news.google.com/rss/articles/CBMizAFBVV95cUxQcDJUb0JlZWRKSHI3Zm50YnVKaGZJTzF0OUhTWkZDWGNGem16ejhaWmxZTFljcVBqdlAtTTVhc3VYSnBUM2lBbV80RDZxOW9TNWpnNEZnbG9hdmtoamE0cm5vZGlWN3luM1Z1TGtfejBOVnNHaVJ2bHY2VE90MkhpSTdZV0g2b2w5TDdSX3BOakMtYWFmLUlIZFlkNUZfMU5IQ0kxOUJaS3lRckU2VnlsY21JWm53R3RTOHFneEVpU0pvTVFQLXNkMndTNEU?oc=5&hl=en-US&gl=US&ceid=US:en,Post,2,0,2
Padmaavat,Padmaavat banned over film’s depiction of Muslim ruler - Al Jazeera,03-02-2018,Al Jazeera,https://news.google.com/rss/articles/CBMingFBVV95cUxPM2lwQ0tzWThzSnduR0h2SEwxTl9CT2pxLUYzSUhGby1Ec2NvR2I4SVpqdFNPSEZGeWZBcUFkMW81eUtaNkdXdjVULVZDd1dhbTlkQjFFekxyWmZkMDFxcldIb0dodzNyeU9kZzIzRDd0ZTR4R01TOHUzVFE5bFdVUzhRWVI3czRXamdLZHh6eEthQ1U0SkY3ZkdzRTBGd9IBowFBVV95cUxNTjgxTkZNUTVZWW9zNkoyXzdFVlN2UHBQQXROMk9yUGEtWEd0VHpJdk10bUZaZW5SYjI1bXVmOWNTcTRuMko2NTVFSG05X196UUVDQjJQRlc4ZDY3NmhfVjJWOW1EMFBsLTJTUldGSHpuck5kR29rQUtranBmWU9XVXI4b3ZXbmZ4ZEtseUpGR3hybm8tdVZENFpxMEJlNmEwbURJ?oc=5&hl=en-US&gl=US&ceid=US:en,Post,1,0,1
Padmaavat,Padmaavat Is A Horrifying Film And It Should Never Have Been Made - Feminism in India,31-01-2018,Feminism in India,https://news.google.com/rss/articles/CBMibkFVX3lxTE8yalVIdUQxNGNOMGZibldzTlRORmxvd1JVSjBneWdNWnpZOGVUdW56NV9tMHdtQ2hLS1p0S0t2US01bThXb0UyNFE5M3FCNkYxbUp2VXYzRXVOWVpvN2FsYzJrZVlKSnJfMDFibFln?oc=5&hl=en-US&gl=US&ceid=US:en,Post,0,0,0
Padmaavat,Sanjay Leela Bhansali’s Padmaavat gets new re-release date - Cinema Express,23-01-2025,Cinema Express,https://news.google.com/rss/articles/CBMirwFBVV95cUxObkJNeDIyVjhNUzFtV2phc1NraWxvT0dyMUFBYzQ1alRKNDdwNkZMT3BFd2EyN1BWY1I4N3hQdllOblI0Vm9jVHhfbEtqNEFmUk0xM1R5aVZyRW1RbXFEaXIzY1VoOXdNcUJsU21UY0hEYS1oRWRfb1VPcWlJbU5uNU9jZTkybzc1cVVHcDItVTVIZ19UN0NoRm1qRjRoUTJzNW90R0s0Z3hZRFpQUmJ30gG8AUFVX3lxTE9xa0JJSWZBN0NzR1hPQXVSS2liYUpfNkhFc0V0Qkx1YXhQTUI1bE5GMWZQZkp2UHd5M0ZNYmx5Q2M2TTJqQk9tQXFOaTVNOWhrZUh4OEtaVWVEREplVEstMXQ0YjNKZHV2TllXeGtzRTdtdGJOMTNVN2xNSXp1TVE2T1FZcGxXajNubXVvUTNaOW9rRnJxRkFHQU9Fa0U2eElQa2tFdjB6b0NzcUx0dkgxUnVLLTZyeE1PaFJn?oc=5&hl=en-US&gl=US&ceid=US:en,Post,0,0,0
Padmaavat,Padmaavat movie review & film summary (2018) - Roger Ebert,29-01-2018,Roger Ebert,https://news.google.com/rss/articles/CBMiXkFVX3lxTE5qS1NPaHliSjF2UERnLVhvdGNIY3ZiNjVZcWZhZDBPbVhnazdOQTRmbGp3TlYyZGVFM0dDRE9tdHMzRkxlLWZmcFNTaGwwNno4WVZlczFEUm1ndlZ1OXc?oc=5&hl=en-US&gl=US&ceid=US:en,Post,0,0,0
Padmaavat,"Padmaavat Protests Highlights: Karni Sena Meets Theatre Owners, Request Them To Not Screen Film - NDTV",22-01-2018,NDTV,https://news.google.com/rss/articles/CBMi1gFBVV95cUxNdTFsUkt3Z08wRDU1TXQwbVg1ckw3Y0QtNXFHNHRxUC1RQTBZM2ltUTBESV8tVThScDBGMTY5SW1GbXJQMmY4OTdhR3dUVDM1OHhfanFjSlMzYUZ1MlhNOURIN3JGMThhR2lHN0dxNk9FQjg3QTJwRFdWQlFWaE1yV0huQjRFRzRfX1E1U0F5T1RnSTFjV0t5alJ0Qk5VWUZhc3ZUYS1NbDJ1TkVZTXcwaE5LMzEyUXJKNnhBN2hDaFRaOVdzQ0dlam94NDlBczAxdWRYQTlB?oc=5&hl=en-US&gl=US&ceid=US:en,Pre,1,0,1
Padmaavat,"'Padmaavat’ completes seven years: Sanjay Leela Bhansali’s epic triumph of love, war, and resilience - Ex - Times of India",25-01-2025,Times of India,https://news.google.com/rss/articles/CBMiqAJBVV95cUxONWFsa1NwbTY0OWZOeWY4NmpsTl9HLWd4ekdKaHJTS210WmJjcFc0MGJ4Z0h3RlF1MVN2UVhqa3dhdmJhbWZlOWx1S3NManhfQk5UTTJhZmdJeENfdm0xWFZsZ2VsU1RnTVhCdDYyRkp3eXlsMndqLWNoZ0NCWGJuVnRXNUNUeFB4QldJbVFCOFI1TTdvcGh4RFVSSlpzU0s0VTAzWDhId0dQTTBzSDdCZUhvYk5CakRuYm9MalhLa3NpSzlVVE9kMFRCRUZWN1JMZGlkY09VYjFwR1JpR1M3T3dVNzVZNHZNV3ZjVVlERXZzRHVFNTBucHphazFnNmZRQVk2MDZDRUVuNXZZaTAydFRBTEJPaEo0VVR0Vy1EaGdlaUgzdXR3U9IBrgJBVV95cUxOWmxSZ2xwSHZPMXdtUndiLVZNdG5IYTR6eDNYa19JZmhKaWVaSnJTb0w0cW1wNWNNelJFLXBmdk9EUG1yN0tPVmttTU5nXzkyQ1A5NlgwRFNlYXRUWjk5UnNTWjZDU0diMWJPalNYY3UwVnU1c0RyVHJKa1lEakhoR0ZfdU5WQ0gxRTdMa2xLMDBIRVBneDJHRjNGYWFwMHcxQlBZXzY5cEVaWWJCeGE2cXlXc3VDcFVSMjZGYzhMU3RIZU9mSE1aUl9fSXpkdG9lZlVKeTN5TmlOUjJKcjF4YXQ1eVpoY2FLTUlnUXRSSENoa3RGMHZPQURYaXdQSlFNSEhPdjhLek1KY3FxY016S3ZVa0JOY2xFb1ljLTM1TVlwN3RHRnZQSk5KUndTdw?oc=5&hl=en-US&gl=US&ceid=US:en,Post,0,0,0
Padmaavat,Padmaavat review: Ranveer Singh shines in Sanjay Leela Bhansali's visually grand historical saga - WION,06-02-2025,WION,https://news.google.com/rss/articles/CBMiyAFBVV95cUxPSjM3VmpETDhyUlRDbWhoZkNLWDVkcEdvaFlzTm9FdERvUTBURUZEVlpuckN2MVpYTDhpS3M1emlaRU9nWEx1TUM3VGJNa3c5NENuYWQxN21ZaHNwLXRpWlVTdnFFdkMwd25sbnQwZ2FUWE16SVlySnNsM2loTTVmblpSUFpfejR2bVFFU1pLa3VyakUxbkxiei1mSmJhcnJHbU1BNVAxY1ItZV9HM003RF9pLURpUmFCRkhLZlMzNUFQeDJTTE1kMNIBzgFBVV95cUxORFEwSEh1S3QxeXFKMTk0OHRELVE4ZW83QnZaYUhEcGlWU1ZZblVrMlhWcFpGaXFHOGVRaWs1X3BpN2VRQUdLcTczbDdYcXJveElMcF9ZMGo1emRKeDZiQW54czU0RU9kQl93THN3bnR0WGtpanFrek5saVpvUC1IU0RyYjNCdFRmYmxyal9JelZjMGROdW5JRnYxQWd3YVVuT010Q3pwM3NETmltQnk2VXhxZE1aRVZ3RWZvSHRGTHk2amZHM1ZJVzhtczNlQQ?oc=5&hl=en-US&gl=US&ceid=US:en,Post,0,0,0
Padmaavat,"Kangana Ranaut says Deepika Padukone's role in 'Padmaavat' was irrelevant, she was offered it: 'Wo Sirf T - Times of India",17-01-2025,Times of India,https://news.google.com/rss/articles/CBMivAJBVV95cUxOZ1V0VW5KTlFZbVRETk9fQVBxUUVRdk80T0NhTU1hTkdlc1VXbHk1NlRELXRoYlllRlpyV0hiVlpGdmE5cW1QWEdaVzdCN0hfQVRMNm1qaW83NFlWcmJGSHVBbzA0SldsUHBFMkFMNkN2QThSRVM4eEFrdm5BcHA3Tk9zZm5LZDJpdERNamE3OUx4MUVhVVBMRG1sdWJyVS1LZE5pZlNJYVI5cFNTWkVvVU1ERFNIOGtBZldGaTRtbVpvR29jeG5vcUEzTk1MbmVlUjFQTHd1MG5hMExvVjlnNVB3YkthV05UM19jSmh3ak5tV2FFVjV6Y1R6VmFxc0JxbW1UcTJNYk5PVGpERV9za1hmalcwUVhySVNrUWtVbDFpY1hjS3F1cVdYU295aDFRbVdFVk9DcFlyeFg10gHCAkFVX3lxTE9zRDlVT0VKQTZvSEw4TC1yR2RnN05wdkx3VndNQ3FKZjZsYzZzSWJ4Sy1zSTVVTmVqdjBpdDdweU5UV3BUWDllYjlGY19Jdlo2SUdERlZwVExnUG8xZjR5LWpCdzRVaEp5TWwwLUdIREE3d1VyZFVnY2kyZElIN3ZsZmVYWmM4Z0pOcXNZNFBKc0phc1B6bUpqcHMwMTZEWlVmRWFGeGdtRi1kcnRGLXBWMUZGSFFuY1R3QV9yRzQyUE9XSWU1SHR4eVF2dzBqUUZTMHdBLUxPWUtnQmhobnI1NkJ0NmNpQzJQYWZNNUYtQ2hNMFhoVFhBY3NSRjVNTk9SUWI1dzVScllGOFhReVpFYUlhRGEyUGNQa3RyQ3hQdG8tYW51MjlkRWc4TDlQV2d0S3VmRGZib0NlNGc2TXpNN1E?oc=5&hl=en-US&gl=US&ceid=US:en,Post,0,0,0
Padmaavat,Sanjay Leela Bhansali's Padmaavat to re-release in theatres on this date - India Today,22-01-2025,India Today,https://news.google.com/rss/articles/CBMi-wFBVV95cUxPYkg2eVBRX05JTGxnY05iZXhaSTU1UGIxWWxTMjF4NGNDWWlqS24tQTVNM0l4VUp5UGZJcWFXR1BHN09nQzRrMWVyVVJFTjRaNUtaalpBS2ROU1VNZTNBeVNLcnhydk5vUk9rVnVFNkhTMEFZNWoxQ2VnYVFya0RIeWdmb0ZYZWNBRERuazJ0R29Ua3dNejg2aGtOZEM0SEJjQ1BWUFFOa1BvSlNDSWhXWjBXLTFNeEZsWC01VVkxS2o3Q21iVEQ1UHJLUHdFS3psVkpJdjFGc1dDUHI2M05PNElKc1I5NlhVeFljN0pxaUl0SVFrWTVCeFRPWdIBgAJBVV95cUxOLTc5bFFvcVU3STM3MENqWUFEV3B3Q3hlcUkwMVU4SUZ4Y1FqenI0SUMwR28yLVIyRlpXQy1OcF9jS2ZDOVdSeXVLSkFwUHdGVm1WT21jY2Y4VkFTVHJwNm96d1J2OWlvdDVNV0doenkxNTlzc08yVDhtTDVlenJyekYtOE94VFZ3Zkl4eTlJRU5tWG5fc0ZyWXJ4TXhTTnlvMFpMaS01bzBqczZaWk9TbF9NMjJVVFlIR29CSW9FUUl6bEo0UjY1d1UyRWhvNHBNVjd5WXkwY19vNVRlUXZJaHRUeE5SUE5sOFIwRUxxcjdjdlhabE04VkU3bldpblJU?oc=5&hl=en-US&gl=US&ceid=US:en,Post,0,0,0
Padmaavat,Padmaavat Is an Opulent Combination of Dazzling Technology and Regressive Values - TheWire.in,23-01-2018,TheWire.in,https://news.google.com/rss/articles/CBMiowFBVV95cUxONnUyWVBxVmdwX1Uwc2VsQml3bjV4X1lVUkJTQkoxNEdTeXd2SWlEVUlzM3p2Q190SnRITWp4OWUzWEtoN1czZENNNXhSeDlpRUdheURDdWhYblJaazV3c2ZPdVpNMU41Mmhub2ktNXZmVVl0VF90TnFLVzdBTTlYNW9BcnBQTUxoVko5WEtyNDJOXzZoa19hSC01aGpEUGloTmpN0gGoAUFVX3lxTE5RcmQ4TjVJZ29iU3RfNHVmYXhVdWpYMXB3eFpJVHZjTmE2akJMSlQ3cUg4c1gtYzUtUUhDSDFwYUNpNWxETU5WNnMtX3ZEU1JZQjgtb2FySDROcHBSZGFFS2hpRXBzVVlRTElxRW9aRU91UThlQWZmQklsZjFieFZRWUZ5alhPREdkS0lxN2MtUUZDd1J1aHhVeTN6MDJxc0FpaGJ5ZUowbw?oc=5&hl=en-US&gl=US&ceid=US:en,Pre,0,0,0
Padmaavat,'Padmaavat' box-office collection Day 17: Sanjay Leela Bhansali's magnum opus shows huge growth on third - Times of India,12-03-2018,Times of India,https://news.google.com/rss/articles/CBMitgJBVV95cUxOaTZ6TWowOGx4RW5hV2gzR3Y2bVByMmwtWHpwY2IzME8wUGFjLTZwbDJTZDk5Mnd1aFh3MzVEUldTS2p6QmI5RXJYemFvSnNqbjlsQ3NQcDRUaTZqM2ozQVlEMzdtOTlwSDdmMy0zS2c2WS02Z3I4NG9aNlRrVTUzUkZDTjR5R2xNSUNjQWxQTEo3Z0N5elZPcFZQUGVmdjhvMEFTRGZpaFR4eGlSTlFaV0JFVlc4WktQYXMwbDM0RW81ZUNxWkduRWpmUEtwVzhJb0xYVExfQlQ2WEhLOHA1TEdQQllJOTQ3X3hPUVF6dWJSdFZ1OE0yeFhmZ2xkVVV0R3pLZlROOWtIbFFZLV90YTVXbmpBeV9lTzNHcnI2NzJGSHZRbUQ0MXlGSXZsRF9VaU9ENm5R0gG7AkFVX3lxTFBGT0hidkdKZ3hoZ0VFWlpDNjNWYW9IRHcxVV94Vms2dVhGeERrc1FtZURsY1h3NkRFOXZVM3AxRzR1T19kNW16NFBCZU5selJfRDVtcUhpWE1WVlN2aHd1dmY1aVk5b0VRVXdPYi16OThJbFplbzJmWEY2MTVZel9YcTdqYWF3NE05RTNtNVg2MmdrYmJRR3RsaVNRWm1PRkhQc3duSVo4X29oQzZEalREcS1BS0lRUG5fRU5yR0Vzbmg2N2FFcV96UVRnYzZxN3JWY0VlUlVVSDFaVlBnd1pTOWV6WWhvOU1oMzRtVk9JTUh4X2ktbVNHREJUdmdzVm1uWDZBT3B0UEhSakVGMFhSXzJXcGlqNUNIMFN0aGRvNWVXbUpnYjhnRDhHeEtiYVBIcEg3ZUxHUjZoYw?oc=5&hl=en-US&gl=US&ceid=US:en,Post,1,0,1
Padmaavat,Sanjay Leela Bhansali's 'Padmaavat' to re-release in theatres on Jan 24 - Deccan Herald,22-01-2025,Deccan Herald,https://news.google.com/rss/articles/CBMiuwFBVV95cUxPNGJUcWc5SnN4OWptN2FyMmFyMWc2MU1FUnMxTGdEQWZPamYwd2sxZHRGR1F5SmdPc0prRW5yOW1ZZDVHZ3BhWGR4ZlJLSkROMFg2N3RhQ0J1WkZQdmxiY0kwM200QnRGOENmV1k5UjVaZnlyV0FGUzItclRjNFhhYlZTRV84dzBNbHhxT2VnLUdSQXpOR3o0QVBGdTFBdVJYSVk3NHFiSlFEUkEzQkwzaXI2Y2wxMFJoVlJj?oc=5&hl=en-US&gl=US&ceid=US:en,Post,0,0,0
Padmaavat,"Padmaavat: Deepika Padukone, Ranveer Singh, And Shahid Kapoor's Magnum Opus To Re-Release In Theatres On This Date - NDTV",23-01-2025,NDTV,https://news.google.com/rss/articles/CBMi6AFBVV95cUxNdVA4TTFicU1WeXNETTk0QWpNS0JkOWdFd2hRZHI1eno3eGpJdUI5VnllZndEVmVUUTRNdGlqT1VTNEt3OWZYVFE2WDVEUERXUDU4Y0N5cWE3dGJIakEzMmlVa1A1ZEpyNWxNOTQyRjhfSVZwY1Vqd2tEVVpiZ1JwSWozbkdLUHVTNzRfV25JZHcxcl9PVktfYnpMaW95QmtfeVJjWEpfVklPeGZpNDQ4dV9Va0RKcEtEdjA5dWljdl9nb0tHOUdHTkl4NjhIOE5STGYxdHp3VUFidnYyQ0hZanZnWGdoUjF00gHwAUFVX3lxTE1sNlQ5N1o5Skk1S2VxSTNVbTI0Rm96WW96bjNyYko3UjJuZ2ZuT1FVMDVKaXh2UF9ESGVBWUV6dWNZUDEzRDRWRjh2YlFscXNhbi1EYmc0ZEZHQjZwLUhDYmVMeC1uTy04WWFrcVRVM01nWm9faHlDQXY0aERJR0xPMnFxbWotTUR4SjJSR05QMUJLWlk3MUt5d0phMlo3RG1RVVVSaC1pdjE1elVZWFkyNE9lajdjd1IyQzJQT3JFVkNRNGZLekNRZk5SNmh0MW5fVnA2YzRrTGpoN3pkX0FVaVZNVmNRcmFkUW1IamNuWA?oc=5&hl=en-US&gl=US&ceid=US:en,Post,0,0,0
Padmaavat,Watching Padmaavat in Pakistan: Why it did not leave me reduced just to a vagina - dailyo.in,04-02-2018,dailyo.in,https://news.google.com/rss/articles/CBMiwwFBVV95cUxQcHNVeUJYUFdnazUxT21uWDZCWmlNUkVfeGRjczQ5Vk1tZkQtVzE1R0N6Nks5NDlUMlNoMjBTTEFkZ2VrWDUtM2dxUjJTekVka0tZZk00TW81R3NVdHc0V0pua1VpQ2VNUW5CNTVnSFVSY1MtSTJPWXl0NTdPb0g2UkRaQmpPTDR6WThZeWVnUnBOYllUQnpZczJ2NGE4RFZuOWl2dzB3MVNnbzgzeWd1YzdFNUtsTmlnaUZUWkJFZ2RZNU3SAcgBQVVfeXFMUFVpTzlCTVdhQkJTVWNMVTFpU3BPbFJteThIblZBSzZKN2JjZVkzb09oUWJwOEJNZkdySXZva2JVb1V2OFVqeHVOeElsS1RUYVY1eDd6TVN6TTNKVk1HcEZJeV9fUGtwdHFKMGMzTWxjaUNZVmpPUmtoVjlPRE5GMkJ2bWh3bnRzUU1RM1FpWENCY0xyTjVMRzRuOHpHbXFrRVVzT3ZCUFVDWGxNTkRrbGNEV0J4TEdhQXRLZThFR1ZpMkxrUHhfRXk?oc=5&hl=en-US&gl=US&ceid=US:en,Post,0,0,0
Padmaavat,Sanjay Leela Bhansali’s Stunning Padmaavat Re-opens In Theatres – A Lookback At This Seminal Celluloid Creation - BollySpice.com,07-02-2025,BollySpice.com,https://news.google.com/rss/articles/CBMizAFBVV95cUxNVTE5Uy0xSm1NUG1neTduTlhCT2pFRmw5bEhTWWZUdWhjUmFSbUEtYUdpdFdkaE5JUEhqQl9HZnRjX09md09TUjhBbThnQ0FMM3hvZE43OE9OLUFnUHpEMjVfN0h4RWtOVTktR3hpYl9GOWctcS16YnVVZzVENFVCZFVEX3F2VVJoZjJzaWJxQWQ5eHBOZV9Jc3JvNzhkbjAzSXFRbXlXaEFKekZuMnFOQVI3cUs2TFFpc3oyUGFUU1RMRm5KY3A0Q0EtMGE?oc=5&hl=en-US&gl=US&ceid=US:en,Post,0,0,0
Padmaavat,"""Padmaavat"" Movie Review: Sanjay Leela Bhansali's Boring Film Doesn't Do Justice To Deepika Padukone - NDTV",24-01-2018,NDTV,https://news.google.com/rss/articles/CBMivAFBVV95cUxQZnNWNnpVR0MzNXRKYk40LWp1ZzlYWkRNSnZTLXA2a0hOV1pJR1VaRE5jd05lSFd2a3JSMG1oV21WbjN6T3AxQWxrcFU5QWdkeFdzVkF1eURmdm9reVZLZlZjRHd0SUlMdGpNaThoQk1WSlZXdVRFR1RfSFNCWURGWEZaWFo0QkN4ZXBaU2NrTGdmbFNxdXBFVGN6UXZsMy1nUVBCUnNVZzdsYnFfZGlIZGxzR2MxVEhPTHhhQg?oc=5&hl=en-US&gl=US&ceid=US:en,Pre,0,0,0
Padmaavat,"Padmaavat Re-Release: ""Wanted To Make Alauddin Khilji Darker, More Of An Extremist,"" Says Ranveer Singh - NDTV",06-02-2025,NDTV,https://news.google.com/rss/articles/CBMi2AFBVV95cUxOTXNFUXZ4NVpfQzJrbEpHRU1KVEM3anA1LTAtOWJuc1pLenY1OHltcmNTeTAtd1oyVjFYZmxIcTdzbXRrWUZoa0dHOTh3dk5JNi05QVk5WXFtNW51Z0d5ZG5YQWgzaWdpNE9xMERiRVVndUFjQU9mYkhpWmJ1SXc0blEtWHVHdklqNnZjN0NQUmVFM1dhLXIyWkVDUGhtX3pPQU1GZVpOaVJ0cGI4VzNnaEVuRV9HLUVrMGNkZzFTSE1WQ0hmM2VNdG5MTW5uQVh2SFYtRlYwdi3SAeABQVVfeXFMUEszX2wtc3N4MGw3S2RMTllxd2o1LXZIQ0RvamMxVnpLQkdsTDA4MlZXVTJWeTZoZVN1ZTdzUGdrblFiYnBjdkJVWk5reEUzOF94Rkk4OHk0and4WjdJa1ZsUHJUdml4VmN1VTdfY190WEdBZzlaalFOa0Q1NzZXYnUwcXZZbGpRaWhiY0tUdjkxdU82ZUFVZUJMT3hNMkotR3ZBb0Z0ZWRrNlRZemNqdFB5RzEtZXFzeVFzcnhOX096SUJqRGxkcks2NEFYN0FvREs1WjdaSGVqOWcyOUZBaW0?oc=5&hl=en-US&gl=US&ceid=US:en,Post,0,0,0
Padmaavat,Padmaavat and the long trail of controversies: A timeline of obstacles the film has faced | Bollywood - Hindustan Times,24-01-2018,Hindustan Times,https://news.google.com/rss/articles/CBMi_wFBVV95cUxNNzdRTklWSXlMUEQxY2otczlNZWZyTjlOUE5GZVc4VDdfZXB3WXdzUUxsVGVzVkM4MnVwMU54ZEo0Wk1pd2tpQ0dSR19IWHpyUVg1bTZWbWtCakR2VWxUcWdJZUU5MmFqd3A0dnpaRlcyR2VBQTZJZTVtbzJsR1NZaFFzZnpvU1E0MkxXLXFseWZNQVZxZXJERlVsbVhPOTAyWXRWZWhWeEpycHY3RnJIdEV3ZFhRTWd6dGZPNVoycDF6ckZuMUZWbW9fVGVaUGNHV3hwQ2VGTmg1UlpBVWZvbnppRnl4LUsxOXIxeGl3R3V1YTRnMngteHhrOE9NcjTSAYQCQVVfeXFMT2toRFZ2bFpNQnNZaXlqalpOYWk5Nk5ZaHFPTHVqajJILW9CUTM4VXFkcktGN1h4ZkdtX2NPalExRW43VDhzaExYYWZPM3VIZmVFUTM0TGFnT3ZvVEJhLUZqSm11TmJDdnVubmdpX1hodkJkSnk5RmNYeVh4SU1XS3lQOEtES3ZQRVBvRnN6MktOOGVQM2ROMmxucU0wU0UxWGpLc0E4MWpSOWVjMVRtcmx6QUNpWEc0N0p2bmM2eEFSUUlaUkYyU0xfNFJEQnRHQU9pTHpnMlB6eUVWMDFCQzVLNzhXMGdyWDVaY1hKX1dKNURsbEMtZ2NlRWx4STVEWDhGTmQ?oc=5&hl=en-US&gl=US&ceid=US:en,Pre,0,0,0
Padmaavat,'Padmaavat' worldwide box-office collection: Sanjay Leela Bhansali's film is still breaking records - Times of India,12-03-2018,Times of India,https://news.google.com/rss/articles/CBMiowJBVV95cUxNb3RpaDhueFQ3dkc1X3RzNi1sNXlHSE41alUwcVBtQWlWSV9WZGNQRkozdVZzMkJ3alkzWmZneTFfWmJtVWFNNHRNeUZTaHVCaVp1eTA4NWVhN0RmQWNlM0lvWE5DY0ZGWkt3dUtzVHRBaTV5X1JYWmVxdV9qMkU0NFhoT2dibXJRdHZpbEhBMmNoend5ek5FNFBKRnVXLU1aLXdpaEVnbXFucFJZUFVaeHliWjI4c3FNYmYzaUo4ZnhlR28zNjJpNEgxb0FJUzdHamc5ejVyR2F4OTRZV01ZejJxY19NblFWRV91aDctbFJjdl80eXBxaXpVTkplYkVmWDV4MHNnaVhORmVEQmdveVNlTHpPMGxEaVZaQVlDTktpLUHSAagCQVVfeXFMTmNGTlRwd2U3UUhKQkd3QVFRNHF6T3BsazNHUUNZSkIyMEc4VGVQRWE2X0hjb0psSmZZeVJ2LU9UOTQtVG9fYVJEWGVkQVp5UUpKeXFTdHdZRGZHSTdWZFZ4XzVYRDN0LUtEUTgwNTN6TU9RWk4xMS1GdWZyemVDTzh2MjZXNVBZVFB4bm9UMUdhaDNlaGo3NUQzRGRUdHNpVEloWXg2NzkxVlJQME5KN3pxbEhNQXp1ZzlhbTA2RHlFWU1lbXdUVjlrMFdaYWthNHBBV3RpY1hQV0pQbkJmd25ZQlpfSXFUc3BkZ21DZF9RODJUMWFiYWFmMjZNQlBYcXZvR3hnOVJib21Ea1pfNGJ0VGU3NU1HdGZ6TUxsR2lXa25HQV9kaVo?oc=5&hl=en-US&gl=US&ceid=US:en,Post,0,0,0
Padmaavat,‘Padmaavat’ box office collection Day 29: Sanjay Leela Bhansali film crosses Rs 270 crore mark - Times of India,12-03-2018,Times of India,https://news.google.com/rss/articles/CBMingJBVV95cUxQMUc2VzNZaHhJNEJPVU9YVjBrRkdJclF0eXhMNzlrWjFhbk5xWVJ6aGpZY0dHVGRuZzVpYzhkdkFDU2xQTEVEOVdNMWVpRW5HZ1B3Sm5nZVAtTGNPamxvRzRaSkQ4U3JYSUhkMFI3WTFXSEp6OWFvSmt3NGVLTXBhX3VuTHRpLW1jdk9YU2R4Q0pYZ3NJamdEXzNrZkstT1JIdUNSaTRqczhQZWJRV2dZZTA4VXNvcjRtcGlobWotb0VhRm9KaEllY0FjM1kwRmlZRi1ybXVuN2ZHUWMzT0Y1bWJTODZRbEhJT1dhT2dQN3VuMmVfMklzNG5QUXMxQ1R0ak5hM2w5d0F1OVo2UVpOaWFQZkc5YzYzR3AxcWRR0gGjAkFVX3lxTE1KLVBTSDRPMllmU1pSUWZXcXhQVlNTZHk5c3BmV3hOeEVLOEw1RDJwMmNkN0M1OWIwV2tLaXlWdXdIaXJTMXZ4VkZWZGYzSlJWTXJnUVU1a2J6UWwzV1Myb1ZtTFpjVjkyNDlLTFF4MmMxQ2JhVlV5Z19NdjU3NzlqR0NuOV9NRm1HQThHVFA0NWZNR3hqMHZOTjFRWDJDN3FEcXMtbFVWeGxtR3hqdFVSTS1WUXhjSk5kdkVEb1FFWG1oQWRDTjZNUUVBWm91cmFtd216TkVfT3V2X2xIcDRzaDA1bXFlZ2tJd2hTOHkxcUFjS2tZUDVwcGU0RHlSbGFuQ3ViTWJrYVFRSXIwUEFncTdJZFd5LWNnTENUUnVvQXlrRQ?oc=5&hl=en-US&gl=US&ceid=US:en,Post,0,0,0
Padmaavat,Sanjay Leela Bhansali’s Padmaavat to re-release in theatres - Cinema Express,22-01-2025,Cinema Express,https://news.google.com/rss/articles/CBMisAFBVV95cUxOWUpLdlkyekRDV0Vua2RTVG1WdWVObEZjXzZfTUoxSmtLdjRXUVI0OGoyRGxYQWFNamNzb0RTdkgxWk13V1lyeTRKTDlwM2plNnBlMWNReEZudFF0WmtXcEVGNVVDdjI0anJWeWZCNTF1YTB0Q0toNlpVLVpxNW90SXE4LTZWd3c3Y0c4amJWX3JheTBlTTdhcEdaQ182S3h2YWVWemVWSVA5TFloSG1kedIBvgFBVV95cUxPNGJrNF9QQlNBenBpaU0zdWYtUzFWeGt5M1F1Q0diNHUwcm5PdjBKSHdwbXpNdm1rVE5sRDJGUG9sbzgwWXc2aklfSHhiWjJwMnpuX2xTYXNtTEtHTUhNbkpqbmxnZTQzVGttSEEtWEREc3pib2w2NkdhM0ZHbTM3YW1KMTFMcHNWQ0Y2d2VqOHd5QnJGTXgxNUdTNUtJMy1SV0JlMlYtLTktMzZDTnlxektoNnFEOHdpMUFLSkJ3?oc=5&hl=en-US&gl=US&ceid=US:en,Post,0,0,0
Padmaavat,"After special ‘Padmaavat’ screening, Rajasthan High Court quashes FIR against Bhansali and actors - Scroll.in",06-02-2018,Scroll.in,https://news.google.com/rss/articles/CBMixAFBVV95cUxQMF9TZ2tiMnpHTUVOdS1LbFFqbEZabWZwRlBORmtQU0NWNWZieFRvYlBYWE42NjRULWM1OFNOSUYtWjFoR2FYYjNiRVF4WXVyaWlUMkVhQllGLVRiZmJSc09XOGRsQmxhODgtVmxZTnU4MFJ6d2gya01uRnhNSWdUa1NxSnJ1b1RXaTdQcmR1V1VFMEdaVVVtU2ljSEpBNmRfMDBmNndRT0hrLWJOMVNGQWZKQkxwR0R3TXlFNG1EeUNGQXFf0gHLAUFVX3lxTE5mWko2UUE0ZUo1Z2lIUDlKZDZFSFZTTFNDUkVNcUxYMlFUOW1WaS0zaWhCRmVxcEpzb2lzX1A1Mk1HMVZnaVo3NFRic2x3NmNoN1djT1JjYm9vUlYwTDYzZm5pQ0lCQkJmNUU3ZnJ5YUMxa1lteFpnWW94bjBLYS1maXN5Y1A4ME5jRlNDNXFrdUppSktLSGlwcUpxQ2VNUTZ0c0lNNGh1VWJ1MFhraWVIaUtzSzFQSVVSWlZZYjhzbEVHNk54WEZyb204?oc=5&hl=en-US&gl=US&ceid=US:en,Post,0,2,2
Padmaavat,"Kangana Ranaut mocks Deepika Padukone’s role in Padmaavat, claims to have rejected it first: ‘She’s only getting ready the entire time’ - The Indian Express",18-01-2025,The Indian Express,https://news.google.com/rss/articles/CBMiogJBVV95cUxOc1cwUzhneWdVNjlUUEd4U2hXeW5CVFoxdGU1ZG9SUVdILVJEMGpNd2NvZm84RjdHMGlLSUxSWEVZRGtZOXJydVBXNHNQcEVVQ01FMml4R2V6aWhodU1sQW9qMTh2WXcydlF0OEdSMkdQUURwWGNsRk84R0ExUVMwRmJtZ2Q2MWNYWjRPX1h5a1FBcWJmNlYtdkM2SXpmbHF0cEFDRWlyazE2blFvSTltbl9jODkzMW5JT0ZTeGpFbm0yemZ4MVBTQUdGdmZIdWdyeWlqbFJGRktwNUtfdjV4UlRMUXlNVThnSlZlVkdUV1IwLUVhaVlNc1JTRk40b0xOT1B0dXN3XzJwUkwwa1V2V2h2QkJDQUViV0M4SjVqTnRYUdIBqAJBVV95cUxOREIzeDF6UWtIQXFJZjFCOHlLVmtSOVp4ejI5U2JNQjlWZ1ppSVVXZ0NHM2VUd2dHcjhDUk9WdjdWaDVrX1JnSWVwdDZqbDYtTS1OOTk5Q0FwQms3WXMydTdLM0hXbGpTM1oxV2NSTHV0OUVONWs1LXhpeTNyRVAzX29tRk1HQ29sX1A0X3ZfOWdJalhpTEE3a2JSbW9KcnRQV0VGckpUYkxNM001T3NaUmZma0doaWFrWlc3b3ZkRFdyMzBsWGZ4MGRvd0F3dDU5MGJZOENnYVVaUDkzQU5lMEFBSFpBbklhUWZBWkV6cmhSc04wSnBZYjNTM3hieTllbmUyZ1VDVTU3OWRlUjVVanVuVEgzeHNPMmlmWFZQd1A2TzNCam5Deg?oc=5&hl=en-US&gl=US&ceid=US:en,Post,0,0,0
Padmaavat,How much investment has ‘Padmaavat' really recovered? - Mint,12-02-2018,Mint,https://news.google.com/rss/articles/CBMisgFBVV95cUxQWURXc01CUW13a1ZfdVNFWU53LW5wUktrWkpSU3hfVVFHMHZmU0FhUENxOUJKSVQ1M2tDcG5yYmFJUV83eXVSWV9jU1NoNVYyRDBDakZtTWx2MmE0aUFibXJ0YlpOMUxSQkZIOE5LM3ZsNTRsaW9ic3RBQWxLaEZqVVRZMlVIN21vSHJGNkh6SGwySkExZG9sYWU2eEM3TEp5THBPZWpzUllCVFBHR2lqbkdR0gG_AUFVX3lxTFBldnJRTVVONVlnb25TT1hnaTV6WGdDU3FZcGxaSjQtSkhYOUcxbk4tSzV4V2t6dVpjY3VMQ2FhQ3lYOFc1MEVZeVZVSjFoVzRGT0c0QVRySHNDWjk5OElfOURhYWtpcEk4SUxmTllfUnUydUJhRkdYbjBvZ0R5Yml3bk1CejBaUklVV2c3ckpFUGotQVNhbUVVVHJTVzJBVUNsWXlQQWNxYlAtWHlXaFRrMmZ6cVlHX0ViR3E1V2pR?oc=5&hl=en-US&gl=US&ceid=US:en,Post,0,0,0
Padmaavat,"Seven years later, Sanjay Leela Bhansali’s Padmaavat returns to theatres - Deccan Chronicle",06-02-2025,Deccan Chronicle,https://news.google.com/rss/articles/CBMi3AFBVV95cUxQUFBWYWNnVGRVMk0ydUdYR1ZmSlNuSTVlU0Q3QWdsaHZkcExQN2Yzb0pBaFJSc3VtbnNIZGxQMEhVU2xNTnhkRGNReFdPX0RsbTBocnh1cmlwUjZCbDdVaVNnRXRwa1E4QVF0bVRtaDZIeEY5RE5ZNDZhQ0FmZXJJUEVOMW9XclQ5WEdhVWlVbElFZVFPa2g2VlJraTNtLWJlWlFrdEM5d1NfcUJkWmpza0pDUDlkYmtHcnF5bzMtbVRvalNWa3hQdFJJaDJyZ0ZMei1GVllULWVVQzZL0gHiAUFVX3lxTE5mdlN2N0ctenl6VnUxOEh3dTFZSW9VVXlGQThpUEtWQm80bHQ3TGp6cWIzcWZ6OW5GZ2hGa2UwUkZsMzlkcVdMR0E0NnF6cXZmVzNyUkVqbXBuSllQbGtlakNtN0JOVmtINFNkb2xuTnlKcUhBY3EtcnFzdDJQcVZTMEV0WGxQU0tpX3ZWSG5iMGluMTM2bm5tUGxzSFRyUGtxVFNiUlI2MS0zRUJXREZjX01kQm5DZlpaQk5zSU9TSlpKNE1mVkNBTlk1V0RvemdyMkpFVVNPUjFkS3BaNXFsVVE?oc=5&hl=en-US&gl=US&ceid=US:en,Post,0,0,0
Padmaavat,Bollywood film Padmaavat released amid tight security - Al Jazeera,25-01-2018,Al Jazeera,https://news.google.com/rss/articles/CBMimgFBVV95cUxQR0oweElLbGFILW9GMlFtS0dUU3dCekZodHlLd1FuNVhKb2c4UVZJMmhmM21OYm9lS0llZjFrdVphX244ZUYwOXZYMGpFVWprV05wVnNUZXZPQ1RSQlVJekNDdmY5QTZBVWNFNFFmTEpoa1R0TVNkN0xFeEdYVDVDMGQyQlU4MFpDVHMyVmFUanI3eHgxOVIwTDl30gGfAUFVX3lxTFA1Q3RzYlZtUWRtVWgwbXl0cGlZdlFldUg2UWd1TG9IcmZFdTZPTVpCa2RUUzRGV0pRN0Y4R2M1ZzRNQXAweWtsV3hvWjZiRHhxZ3pIN29EQmxuM2czWnV0NTNBTVczSngwaEFubURiWHBQTUlSUnJ4MFVDa3d6WlJydFUyMU5PemFzRmdRZEd2NTZiZjNHN0Ewa0pzdUJGSQ?oc=5&hl=en-US&gl=US&ceid=US:en,Post,0,0,0
Padmaavat,"Opinion: In ‘Padmaavat’, Sanjay Leela Bhansali displays his sympathy for the devil - Scroll.in",31-01-2018,Scroll.in,https://news.google.com/rss/articles/CBMisAFBVV95cUxPcUFabkpSenRSRGdpZUU1bDVCMWNnM3BGT1RCc0pFNWZla2RWWnZDdWwzNUg5em1IV3BVeUN0cVAxcFZReGFTYURFdXpJU1RQb3c5MzNHZFFDTWFuQmQ3V29XQzVybHFJbk5rWWMtdFd3aDZfUEIzSFFVamlGQnZfVWRFU21LVmVESjE4UW9PalhsZlRpRXhhakJjWHIxSm9ma3hXd3U5R0xUOE1ybDRWQtIBtgFBVV95cUxNWEo5YU04dExGYVRLWkIwQzdiZlF4UTVHQ1o3TkJ0UTFaOVRNd2c0YmlzbWsxemY1WFUzb21JQVdYSGpwWWNRZV9nWkx4bWF2WFNuamJBZm1KanVQZDctMkNWVVN3andsT0NnOGhnc1Z1MnFpbGhKS2Q4MkRJSTR0NnRSUzFNTFZBYURKSVBZTHMtTHR3eno5cGJXWjUwS3lsZEEzVTZMNHFuNlN3VnlRTmUzUW1NUQ?oc=5&hl=en-US&gl=US&ceid=US:en,Post,0,0,0
Padmaavat,Review: ‘Padmaavat’ and All That Useless Beauty (Published 2018) - The New York Times,26-01-2018,The New York Times,https://news.google.com/rss/articles/CBMicEFVX3lxTFBMR21uSGlBbzNBMDZLc1ZrSW1QTFJDakJOc1MtNHFud01ZTHdoWVhKcThZSl9lZ2dZM2xzTVJjN281SzRLMzBMdE5OdWcwS0dhYjNfSG9MLWIweGdmVjVkSVYyX1Z5WmtYRXU1LUNtZmU?oc=5&hl=en-US&gl=US&ceid=US:en,Post,0,0,0
Padmaavat,'Padmaavat' box-office collection week 4: Sanjay Leela Bhansali's periodic drama mints in Rs 13.25 crore - Times of India,12-03-2018,Times of India,https://news.google.com/rss/articles/CBMiqgJBVV95cUxQNmZiWmJ1STlUT19YUWhGT2Z1WFBfc3lHNUNxYVNTbzV6ekhnanE0enRqTUxpd3p5b2E5eWNDd2dGbmYyM21xc3VvVzYwWW1HTUlrbTVWcWd0Q29CWUxVQkRzT3JiREQzaFRaRTZhWmhvWEdVV0lDRGJKdTFaMmEzNGx6VDZuRG5Ma1RJSkR1ZU9ZWmt5Y3pyNWV4M290MUJuSzBoNU1pWWg4QWV2bHFESW1yWTFTWlpnNVJFb0ktcGt0YUVZQjh5b18xd2NybWlpc2xhQWcxUDBQd0dMVjB2V3dHSmtqVXBTTW9IUlRsMHdjOUNib2pDeXE1MmtTV3gzajd4QzlkdzdMQ0hFWDBjTzFhUHlNb1Vpb2dnQ1RhTXN0RFBqeWRkUGJB0gGvAkFVX3lxTE55S0JGTWNfOUR2b21jU2NodEpxOE1lcF8wU29hSjQxbkRxSXBJVTNEUjVDQ2ExVEs0ZGdMWTF6N2szSkI5QXpVLWVGUGZBZGRDbXZWS0hCVEdyOWRJbjM1Q0pwMHc5azBsOEc4S29BQWtZTkt1MDI4ZjVCT1ZBd3RmSm5vM1VqeUtwN3EyYjFhemJlYngzam9MQjJGSk45c01MeWRUc2hGUkZTVjJFeUZTTGxOVEVEMGRWRUFoMWdPQm5iUEZpMU5oeHZSTE1jZ2U3SC1vWkFlTTlGaDdqYlgyQk1FMERua3JIcVdwNFpSd004UGNPOG92WHd6Xy0zX1ZoX0UtSjU2dktha2pVSTZ3bmhmSHhaQk1IOXBfSFRaQ0tCUExxT1loVmltLURRcw?oc=5&hl=en-US&gl=US&ceid=US:en,Post,0,0,0
Padmaavat,"Padmaavat "" Movie Review: Despite Deepika Padukone's Inspired Performance, Sanjay Leela Bhansali's Film Is A Slog - NDTV",25-01-2018,NDTV,https://news.google.com/rss/articles/CBMizgFBVV95cUxNV2NKOFJTajBGZTdvUm1pYmk1Q2JWZGQ0eEFjVDNSMnJTSlpkQ0FUc3FoRENqT0RVV1pNbWFFUDVnQkxlRzFBNXVSUFRrOHFBSXktazlJVkhaOXNlTzRILUg1SHVaWkdIdTVXM3BrYjBXRGpXd3c2MWV4NzU4NE5GY0k0TFd6NGJENHFXbFM3UHZpNWxKV0s3aXVOVzZEYTNvRzVEb0Vvd05aSmJxUG04ZVpjMVByR1l3VmJoM1EyeFVqWDU4Y3RYZnJhR0ZQUQ?oc=5&hl=en-US&gl=US&ceid=US:en,Post,0,0,0
Padmaavat,Shahid Kapoor Had Poor Experience In Padmaavat? Netizens Debate If He Dissed SLB Or Ranveer-Deepika - BollywoodShaadis,25-01-2025,BollywoodShaadis,https://news.google.com/rss/articles/CBMi2gFBVV95cUxQNjZ1NVI4Q0d5ejNfUW9SRTh4SkUtZTFsX01qSUlheHZYRjdoS2lURlFuUzlHUExWSkpCZFYtN0JDcEh1QWpwUmVMNVpDcHgtQ1AwSTNpek5JMUE5V3RmMXdydS14Z2oyanBPZE95Tl9PTU5JN25Cb1M0TFc4RldHay1pTkJqV2JMQThVeEltUk1hUUs5Q3FQZkRBbkgzZ1NTMlZEZnZRXzRpVVctaHJuVjZvbndIQzU1bTVzNHpDQXZpS1dyUFJxZHhXdnJtMWpnaDZhV0IySWVudw?oc=5&hl=en-US&gl=US&ceid=US:en,Post,0,0,0
Padmaavat,Padmaavat Re-Release Box Office: Deepika Padukone & Ranveer Singh Need Only 41.2 Crore To Dethrone Ranbir Kapoor! - Koimoi,22-01-2025,Koimoi,https://news.google.com/rss/articles/CBMi3AFBVV95cUxQbmVuajJOOXFpekRkZFZvMVNCNllEVGR5cEppeFJyMTBjX24xc0VnVm12SHBzZGwzRk84T1pRTlIxN3ZnMWpVRWhtekdCOWtxZ2lHaXJxSVNSTm9iS0ZVeG5ScklOdEp4NVBVcFhkMGFqOU5ObFd2YnhLd2V2TmZqQW91ZDhrSVBfb0t5NUo0TDk1dWFMemFESlN1d0o2dnItUUkyRm9VT2RybktZcXFRS0lYbGUzUFZ4emNDbXRrMkh3cmdYUm52YkxjNTF3T1lQTVRCRjRQcFVCZ3lU?oc=5&hl=en-US&gl=US&ceid=US:en,Post,0,0,0
Padmaavat,"Padmaavat Protests Highlights: Women Threaten Jauhar, Bus Services in North Gujarat Suspended - NDTV",21-01-2018,NDTV,https://news.google.com/rss/articles/CBMi1wFBVV95cUxPeGNlM2VLOTRlU0dtR293OGtkd0FKd3NxQm5BcDJqLUczY3JrWHByMWN1LXFXczAwTVpleWk2TDVfdEZST0t5T1dBcEJtREZ3QjVVcXRRQlB6d3hCTjhLMl8teUVreEdNd1dDeFVPajduQWR0N2xJSkliRHZkb1ZlZTY3dS1veTNxanJSMzd1eVpkTnh0WUpLYXk1Q1J2NUdNbGs0TVY5Q3FjdnVpRG8tTlJ0LTFlSWFLZTdCa1RVVlA2LWZGVnc0NzRwdnhZSzl1bUNBZU1aNA?oc=5&hl=en-US&gl=US&ceid=US:en,Pre,1,0,1
Padmaavat,'Padmaavat' box-office collection Day 12: Sanjay Leela Bhansali's multi-starrer collects Rs 6 crore - Times of India,20-02-2018,Times of India,https://news.google.com/rss/articles/CBMiowJBVV95cUxNaHBqWFRfZUV6UTdES2pnWHpxVnJaX2hDR2RncXpHZTIzaVJXRkpGLVB3ZWJYQWs4R2U3R1hlUkQtZ3oxRk15UlQyVHRrdmx5VEZoMU43WnFZdmF6MGpJNnNGOHQ5bTZ6bUlHX05FYWh3SXd5cC1paGc1alNPaE1FVzIwbWRLajJVQVptUEFnMjFycTJ4Zzd5OUJuQWl1T3Z1TTZhUWYxUllVT3ZiSks5QkdhdE41Q1NCcEFzajNSVFRZaF8wU0hTcDlNbDFRTzJLaEprNHhsSm1JdG5aMnJEVVdyeDZsdkIzX0FJcmZBZlVpNUE4MXVCLWtJZGNrVkRzZ3VhbjhxekFZdU5ZY0p5SWNlR0lTTUJhanhadS1Jd3lzaTDSAagCQVVfeXFMUGxwUkVLWVVjbHdsRzR1bE9YaDVfalhwcGdDMC1vQXVuTG1zaHNQNWVobUcxTXdoOXZCbFZpMmNpcWdPMHVzZkRnSnpLM0FiUXRwOHlpcXRWcFIzRktydkhfZE02N0VXZVBfWlN2VWJrMjdaRjcwOTNQRW9nUEVfRE1kWUpDMWF0RjZPZGdxNEl2ajZsanVCYVUtSmoxbXlnX1ZZX3YzcDlsQnBwdEo0dk1pamp4dFBBdUV1ekg2TXh6SVVaRXNOQVdQWXcxcWQ4ZmdzQmtlZ3hIMkhURUVVT05CaXBaMGJSV1hRbGpYRmQ4cTdNODdQdl9jY3dlM3U1SzktaG1rdlJPSXg5N183b2Y5eklTOGxTVUxWTTIxQV9wQWFCXzdXbzY?oc=5&hl=en-US&gl=US&ceid=US:en,Post,0,0,0
Padmaavat,View from Pakistan: ‘Padmaavat’ puts together every stereotype of Muslims in India - Scroll.in,02-02-2018,Scroll.in,https://news.google.com/rss/articles/CBMisgFBVV95cUxQZU4zeG43QTdnLUJsSlNaaHJSWFp4ZjVyVTBRc194SWQ4enNDNlRhaFphNlFta0RZeHJTUkRkTFNQSG5KdDNYQ3B2UE5xMDY3RjI2eUp2YmtGcnFlSUlxRmVvMi1fVmRPVk1YeEQ3dDZJWEQzSWlHaWQ0MG9tX2tGU3htUVRQbFBkcEhXakp5QXMyc0l1V2huR3JyVUxoQ05mUUdleFRFdDg0LUhranhtRG530gG3AUFVX3lxTFBRUVROQTRidEpqcG5ETWFJS0RkczBjSU9hUFU1ME1wSDAwZkNHV0h5XzJ0ME5aM1ZmZzQzS3dObkVxTEFHRTE4SHBRVzl5WjVCOGNKQmloazQwQ0JVa1Z0UDI2NF9sdlNfM0luV2d5X3JFSkdseUFDMVhHT2JEUHc3dWN5c25OV0dVUU9GcXhYUjVadm5lN2F4ZW92anF6YkhtbWRIdk1KenNnMjQwdzhqQ0tncE1Rdw?oc=5&hl=en-US&gl=US&ceid=US:en,Post,0,0,0
Padmaavat,‘They Made Me Feel Lesser’ Was Shahid Kapoor Suppressed By Ranveer & Deepika In Padmaavat? - MensXP,27-01-2025,MensXP,https://news.google.com/rss/articles/CBMitgFBVV95cUxNREtNdVI5QzVYNjZocmd0emNGeDFkdWY5XzRGcEEzUUFUcno5SUUtbHFmMVR6VmotRFQxcUxVblJpb1UxZGZHZnA5NzJmT18wQmlPdTNXWVRibkxxbjlOTWhGX1lHWlZmMzVIUXNSN0ZrME1EMTJIN0h5UkxqbldZczA1dnpycXBneW5xTDRMZ2NSN2w3TlpOSl9rNXc0dHFXSldDUUZuRjg5djIyZ0xQWnZFMktyZ9IBuwFBVV95cUxPYXpQTW1SRkhSbHJvbENhcUZFdFJUUXpVbWQxQzFYcXFsYjV1Vzk1bkxNMUxZM3FaUDl2RW5yNXdjMFJDRkZscVc0cldjUURtQkRISUlDektvblAtUW53U0RyU3RWa2pKNldlWWYzb0Rya3VWajdRR3RvX2o4eFc3eHFWNkMxUko0dE9PbXJNeGNsOXYwUXo2OFpZcFhxaHZqc0l5eDhGQkwwNERMenJVVzdFM2lxYmpIVk5V?oc=5&hl=en-US&gl=US&ceid=US:en,Post,0,0,0
Padmaavat,Jim Sarbh on 3 years of 'Padmaavat': Both Sanjay Leela Bhansali and Ranveer Singh commit to every take wi - Times of India,26-01-2021,Times of India,https://news.google.com/rss/articles/CBMiswJBVV95cUxNamZUcVRBWm50NjI1MkJBbTJIcjBxQ1FDc3lvY0F5X1ZTQm1FMlBYalFqeGQ1c0RzX2FqWWtCZnhaaVRhTXNOenJZYTBTRFplWGk0YVVMbVdUUzR5MFM0b0xrbmpjWDBXX0tXNmVnOTRxdlhHWDRMOHV0eFN1TWw4Tnd2ekNaZnBhalhKZ19YSzRCMkZtZTdIWkJYS25TdElKdkU4dFM1dnVvWHFDYmROZkhZWUR3Sm4yM2xyajdnSVVmdExuTG1SalQ5SHl4MERiODh1Mjd0TWpzOGFsSWxPcUNwMUJZVXFDdlNvb1ZYOU8yOXZqLUZVeWVvdDR4WWduODRDSFVzVUpMODR4bURjYUFQWWZBbF82bzdvSWo0dU51N1dJRXF1aWZidjRTVmVxTHFN0gG4AkFVX3lxTE9pWGptLVF0bkxWcXhBZzFrdlg1ZUZEaVMyVi14TGFnT3lLd1ZKT0xlRFRzSy1OZUVzN2RsMjY1RTQ1ODQ1U2dWVF82dUVITHFiUmNLNDctd0VUSEZYbHh5VnRFUkRrVDhVMHpPNTMwZmhyTXI4MmRVWlhxcVNmTGJ6MnQ0cVRDMW1zbG1RajlxWm9nNzNfWGNOUW1fWGwyQnhsLUs5OV9kaTZmV3lpYThJUjBMeDM4RmFrdzlQdVpTVGNkWEZNeDRydXV6WGlwSmJfRU85Y0ZZWkpxN203X0t3NVAtMU1DVDhUNlU0cjRzU3ZobFpKWHdQWEltNlJDMGlLNVVncVdHdWota0tNMGdUWHVGdm14TllBd1hYcUl0Tk1idjRIUDBLbVB5cWo3YTVfUGd1d1J6Sg?oc=5&hl=en-US&gl=US&ceid=US:en,Post,0,0,0
Padmaavat,I Watched Padmaavat And I Don’t Understand What Karni Sena Is Protesting Against - Youth Ki Awaaz,27-01-2018,Youth Ki Awaaz,https://news.google.com/rss/articles/CBMihAFBVV95cUxQQW5ERUxPcjlsSDFPdGJWczZ3OURnUlA5REVCQzl1N0tLT1RQNkwwUGFkWUt4RENmVHVRX2ZmSjZnX1JoN3dPOEN2WXM2LWhkOUptQlRwc0dKeFVITGlFMGIyMlA4MmdWb3FCMGN2YmpMRTM0VFlvUXdyRjBSRmVJc0JCanY?oc=5&hl=en-US&gl=US&ceid=US:en,Post,1,0,1
Padmaavat,"Did you know Shah Rukh Khan, not Ranveer Singh was Sanjay Leela Bhansali's first choice for Khilji in 'Pa - Times of India",20-07-2023,Times of India,https://news.google.com/rss/articles/CBMirwJBVV95cUxNb3ZkYVNTU1FPeEx3NlRPLVRLZmRtYVJBbnU0dHdnZEtGMmRLb2JBRy1CZldBNmhCZTZKUzdtN0MwUjU3WUJieGhMRlFrdk5LRC16b3A5SW1xb1JqWWxxYmNhbDNjdGpCRjFBTExXUFBxUUpFVmlGSWZjNHNJeExWRl9JZDhFT0wzby1uSnVTZlF6MERHRE5hbFNLV1Zic0xVR0taLTRQcXJBSjYyMWt5SEhSbTlRWlhaN0F4SW1zNk9tNlREOFVnR2FHZ2RIUWJ0cm1vSFhndllDSVJlVGZuekVlVXQwajRTOVdqQWNWMGV5WjZmZmVRTUtEamp6MG9mQUZBUUE4WmxmbENKbWE2Q0FqcVVKcVoxNnlfOVlwTk9DNVZ3T1JWZEJmclkwN03SAbQCQVVfeXFMTmRnbjU2b2pVQ0xlUjFxYTZGZ0Z3b1JfdmczNWY1SFRHd01kOFdvVU9RVzdtZTVzdU11MmRoUUVYTjVCaE92WXc2bzFKZUN3RnpSalgteTlLSFhQS0lrdDBMNS1ZT2FpZlhpaE9Db25kQkhvLVhZVjVCd3BNZjBlY1NyZVNxaWtiWDJKSlZkd1FOU25CVTF5cW5NX0RTTGZha2JveWlaMXc2aW1XODk0dVpZLXM2N3c0WDJTSkFrSnYzcHIyby1zYW1KaC1wVlI1NVlQZTdjRVo4VFNoUExNRVlNV3kyWGlTSlVETG8wdHhEWGVtNWdadGVqVm9kb284WlZvR2hoN0JDU2JHUmh2WkF0b1FMV0phOXQzY0hJWll1RHhxYTFPMWtuWE9uTFQ1UkVLY3Y?oc=5&hl=en-US&gl=US&ceid=US:en,Post,0,0,0
Padmaavat,Padmaavat movie protests: Here’s what is happening across the country - The Indian Express,25-01-2018,The Indian Express,https://news.google.com/rss/articles/CBMitwFBVV95cUxNb0t4V05JOE1Sam12azQzdUo4cUw1NW02RUpTZHY4Szc0UzNkRFV4UE5OOGlMQWhsb3l3X0VwQ1FFT2tSUkkwT09OWks1clZrTGdIa1FzTldyNzJVT01QWmRBT1ZUVFVDWXd4LXVXM3dheXpqNnZRRXo3OGxVYmtOQUItQTgyMGtCdHFoSU14WlhIT3EwbHdZZ0UzRlJKY3ZWbE9kaHFyb2lod20zdldSbmZaVFRLcW_SAb4BQVVfeXFMTThodklmdFNnQjAzOTFmUTRsTFVKNDZJNU8xTElnUmhJXzljd3RBTjkxZmJhQXJxb05EZk91QTRuS0tJUkVXUzFrMU16TTN1OGFkVHc2QnNPLWxFY285OGRYZmR1V2E5d3E3V2lMVGhhU3FmQlFlWlczYUFPRG12dy0yTS00V2JHVXVTcWRJalRHQ3pET3IycGlZNlpIVVBQSTNsVW40all5bGJyQnRoMmp2NEVfSVZmR2pSZ3hSUQ?oc=5&hl=en-US&gl=US&ceid=US:en,Post,1,0,1
Padmaavat,"‘Padmaavat’ film review: A saga of love, honour and death as beautiful as it is bloodless - Scroll.in",24-01-2018,Scroll.in,https://news.google.com/rss/articles/CBMiugFBVV95cUxQRUZrcnFhWXlNTF93eFppTHJuZ295aXYtQk1xQzhpcGcxaEliVFJndnEyajlEWVVzOVNubS04UE5aZ2ZtVTl5clRJSnZscnNPMlR6Q3F3RElLZll0QUR3YmtmbVF3dDZ3Ry1QRDRSbkRxTVhSVVJ2YzA1N1dVbjRNMnZYS0RBdFplX1JDWHY5TDFYM1NNd3dvZGVjMHRuUkZ6aHBrOWZ6dGZjRkVzY0pxdVFmNHhCNE5weEHSAb8BQVVfeXFMTkRoR2RZUnMtcWEyZUpzVmRLd3NNZWdpMG9Ednk3OTFBbkpERm92M3JiY01PNXRmOUdDb0paZW9XV3NKdHc0MnhqelR1S3IxNmlZREJTX3lST3FEc3M0cVA0NFJQdGZOMlJCek95RkZORzZOUm1rN1pHZ0pVSEFqNlFHOUJuQU1wcU5MTWtqUl9CT2FBS2FLYWVGdkZuLUJQTFhOWVQyUVVhZGVyeDN5Zm9kTGJRNE82LXFPN3R1S0U?oc=5&hl=en-US&gl=US&ceid=US:en,Pre,0,0,0
Padmaavat,'Padmaavat' box office collection Day 24: Sanjay Leela Bhansali’s multi-starrer crosses Rs 260 crore mark - Times of India,12-03-2018,Times of India,https://news.google.com/rss/articles/CBMiqwJBVV95cUxQZnNwV3hlcHNkVEhOQ1hhSmNXNGI1LUV0RmlwcjJQUkIxSV8ybFhSa3ZNcndadDlwVVdrdjlhcmZLQm1BV2ZiWVNrMVFyamF5NVp3bi1wSmNoamR6U3R5SVNQYTJJNmI3TlYzZVhCMHU0bHUybU5RSVp0M3BTNFc0Mno4LUhSbTNkNTdmMW5SMmJuQjl0T1kxRHAtTGZRcU8zVUZnMjBsT1plWkVXYjk1Vjd2Um50dElSUURHMWhhb1Q5TDcyS3R0alotLVBPZjJTZzZDOVRzSmRwbWg0MzhQQ1RJSEhBX191aWhKWEhCTU96VnBuLTlmWE80UzJmMFBPdjk4UFVXczFuaXcyX1ZwblN3SE8wSzZnQ3kzbFlnM2N2bi16Qk1WMVQwQdIBsAJBVV95cUxPVlB2b0tGQjJVNVhRNTRHSk04bFg0TGR0bEpKS243b3BGTUFjamNxZncwajRtM056bG9rX01fRmx1U3VvVktMZTBmR0hKMTk5UTFnXzFuZmExdHVUdklYSk9lVjhlOFFCc1JxTElCNmdZRV9HcXVzeFdNdm5CN1l3WnVHaUV1bjZ1ajUwNzBlY1B2bEZkdjNLZXE0VzJsQUQ5OWJqN0xFR3hmZEU3dE9Xdm1XaTB6amtmNjVLdF9wMmdQbFllSTRubXowa0RxY0JJUnp6UWhUNERJZ2JvYzV6MU90d2k4bWwxVWduRDVSSVpvby0xX1JNeUY0RTVKak81UjVTcXNhUEpKSzhxcEZxZk9PNmFGYXhFUTVkWlUxVUlFREZPVElEN0U5Q29vNXB0?oc=5&hl=en-US&gl=US&ceid=US:en,Post,0,0,0
Padmaavat,Padmaavat Movie Review: Ranveer Singh outshines everyone in this Deepika film - India Today,25-01-2018,India Today,https://news.google.com/rss/articles/CBMizgFBVV95cUxNeDVxYkZlSW9HSHdrUkNKYWROTEMzdVRzb0xlM3lmal9nay1hV1BZYVVmczBUNkUxYTBOMjRSZ0ZZTUZaNjlKYzNMRVN1c2VHQkpfUHJYREdrdjBlZUNTYURxME8xelNjelU0emFkTlBINkx0RFhUUFZYT0FwX2hsNGYwX2wwczN2Ni1SOEV1bTVkRjgyLUZHUFY3S3RlS0JaSUJlcHBXMTFwNDEzY0pyb2ZaV1NVc20xbUowYU5TbEpNd3RlcEg2YXVtNXAyQdIB0wFBVV95cUxORjRZcTRiQmh2eHBmX2k2UFprQWNhc182dnFWLUs0Umo4QlBGM0lVdS12YzR2XzFVRXlZSG1KZXBLQmxrT2pyaWhjTk5uQWxFZzRxSzNseXNRRFF6VGV0TDd2NkozeVJJV0daekFlNU1KbFU3cWZFdHYzV2k5TWVfNEFud3I3aFVFM1JZWmtELWwwUHJkOW9mTVFVUG5Ub0RQVTBUMTAtcUZHRUdiOGdUR2x2c1pJby11WFFPTVN1T2dJQzBLYXBhd2ZuWmowd0IzRk5n?oc=5&hl=en-US&gl=US&ceid=US:en,Post,0,0,0
Padmaavat,Padmavati becomes Padmaavat: Here’s how film changed after CBFC modifications | Bollywood - Hindustan Times,11-01-2018,Hindustan Times,https://news.google.com/rss/articles/CBMi8gFBVV95cUxPMmkzVWhnLVc2S0Nfb3ppRzBzSEVrRk1udmpydjhvRWhCV1h2QUpRYXVvb1ZxNDJEN0ZRMXJJdzVrTEJ4dHE2VUx0YjYwMDlCN3h5dThnNzduWlRMVE9zRjBzencxY0VEbnMtRzNoUGg2YkVzVzNWWHNPSnZqUHNPRGhkVjcwNDBWUG9DTkwyWVNvcUlxbEFKNHRXc0Y2bVZjWmJuMGliZVBUajhoX0ZTVEVrUWFka0tjSy1ZM0xmM1VYYzdfX1RwX1hmdWtENFJnNms0dXVpQ3JzX2hINHVscUhUNjlVT3NrUUlpZTEzckgzUdIB9wFBVV95cUxNWjVzcjhLTWJfVExKa1BtZDB4TzNRVkQ3b3FFMFlwSnRpSDA5T2hVTXdjNW1wRF9kVllwdTVaYWYwR2tJMWVDN0IxLW9ic3BWU1pjN1ZVWHdNZFQ5MHF3anp1cU9maG9pMTk3OEdrVHdTb2Y3OWU0dm1VbTJSYXotTXR3bU40dVRLbjd2WTVxX0FOM1BkcFdmQ1lXR2RCT3hKcklTUHU3bFh5WmpqM0lMbmRSeFNVUS1fZUdDc3hhYVloME1rcEdkMkRkSHh2YTk0ZWxvN0lUNFZLb0V4ZWpSdkdiNlBuUnVabjgwak1ITXd1UnotMlpv?oc=5&hl=en-US&gl=US&ceid=US:en,Pre,0,1,1
Padmaavat,"'Padmaavat' box-office collection Day 6: Sanjay Leela Bhansali's film starring Deepika Padukone, Shahid K - Times of India",20-02-2018,Times of India,https://news.google.com/rss/articles/CBMi6AJBVV95cUxOQ09BM2NkbW5GdGxsWk9sLTRqZk1lZ2dDLU8zdWRYbGdfcElBYk9hUGlvOUQ4b1MySERnN29tMzV3RFFMdjVjY01vWDFSY0RIa3dMRVEwZVhYcVVHbDI5Uk1md0RudF9lb09tN3N3VnpUUzJxZ2F5X2FXLVVEd2cyeHB3TFV3TmNLcFB3cm1yZEpWNFJlUEw5UXZaY1NiZ1lnaVVxS0d5UDZBWFpXcDYwaVZVeGFOWEkxREwxN3BIWF9tMDctNnE2M2lTdFZlZkZ0X0I1Qm9Da2NPNUVQc0dVbkp4eGhrbHB6ZVNDQmF4UkFTdE5iOEx1QlJLMWJpYzg1dmtkNUlFRHZuRUZ5WG9uaWxMbGZLUGlWMmVDMDM2aDJScnBsdkJ2TzBneFN3TE5RNTdiZ1J5OG0xbjhhUTVoMGRyNlVsMUxpdXZXaHFmV1pBZ0VlSmpXZTRrclREeDlKMWtnalNjVVbSAe4CQVVfeXFMUE55TzVDaVJxUWJFemxNSVFqNkR1Tl9yMVZSNjNxX2lzd2puRUNsMUkyWTRqOFlLNFBGWEdRVGNQanZUYXVIZzA1Wm1ibUpDdFNSYUlTcmZzSDNKMWlTQTc2Mk4zOExJVkZ6WEdaX2x6WEFzdWRvb2ZVYkZQS25KY2lrT2I4cEJhMmwxU0hjalgtOWF4WDFkYWU4bENDRDJJSnNrN2poT0s0cUtVaTJaYlRJOV9pSy1NbUxwbnhxc2dLdnZjbF9iVWlyZTJCdVNFVTdrTHVsSk1panlYZnhHS1dFclFOLUZzNTVjOXE0UmNsVVBDUkk2c0x3SDdPMVV6bEdfY1ZCS3dMMHRsSDB4OWk5b21qbHFpOThPclJXM2p3N2VVYkplYTdkU3JQMG4yOWNrVUpMMEJYZXp6MnloWktZN3FrVHoyejhIY0tZRUFoeDA3WGQyaFg2a3hkMFpGanNQMjR6TXljd3FBbHBB?oc=5&hl=en-US&gl=US&ceid=US:en,Post,0,0,0
Padmaavat,Sanjay Leela Bhansali reveals how people reacted as he resumed 'Padmaavat' shoot post-attack: ‘You were j - Times of India,09-10-2024,Times of India,https://news.google.com/rss/articles/CBMiuAJBVV95cUxPY29maVRqdU9DaG1nVlNsb2FLZmw3ZmZWd3ljTmVYYmIxVTFLYTJxNFQ1Mkk0Yi1QTWpnd3hid1p0MElEMFluS0hBN1NxVzlQZ2ZqS2tBdVpKUzFSM0JGeHhnajF0a2N4VUVfaE1BTk1Fd2EzX19XWkpNb1BaVzhZQ2MtcFpVcU5pSk1pQTU1bUJTLVdSUmZJN0FOU2N1SEV4OU1zSjVJVVhPVU1jNC1YeGM2cGNIMlJoNmgtVFlhOVNXdnRMSUFVRVFIYUFaazhmTk4tU3k3akVpWXMtRlRwaWd0U2JpeV9ldHpNSnZWXzhaWGprTm1pcmhmM2JUdlNPRjZxSTdST1VuZ2pkTFl3TlNUaTFuNkRfMjJUc3dxVUZld29HRGQ0OHFTMUN4Z0FrTEwwQ3VjOGzSAb4CQVVfeXFMUFIzOUNiZm8tcllEd1MzLVRmNFdHT1FKckFlTmM5OVEwU1JVbjVLVWljRm9hakZLeWRlSGs3UDJyQ2drckFFS3Y4ZTFrckpMbl9vVi1kdDEwalBNWFNoTGxyMURCS0VnUWtqYXByMmF1WVhYTXc0ZE1wQUpvcXFvcndURHNHdDJ2MDZGaWtrMzQ5YUp2VkQwU3J4MHBDM29OelBQUTZjRzYzM24yTlVacUtkejZYend2NzA3eW5oaVFjbDhCQ091XzR6ZTRveDJfRi1Ma2JiaXdRNDlYTGkzUmZ1cURhWEtpU3ozY3V3dEhDV3BtOGhQd3VhV1U4LXQwaFZIeEp0eEp3UHRaM0dlbXpKQ2NNd0ZhYmRmOEMtVUd1OVA1bHFGVzJyWU53V1FwUG9jY0tPTWVWc29qVnNB?oc=5&hl=en-US&gl=US&ceid=US:en,Post,0,0,0
Padmaavat,"Karni Sena Declares Withdrawal Of Protest Against ""Padmaavat"" - NDTV",03-02-2018,NDTV,https://news.google.com/rss/articles/CBMioAFBVV95cUxQYmhTTFduY2FlV09STlNxa3JtWXpoWmpiM0d6WkJvS3VFeTAtN09ORDJwRUQwMXdGWU1DcGc0aklJZEZaVWk0M1VmTTNVdTNQaDRRaVZxZEctT1JPdzlXYjhhNG5HQUZ0WWFEWUk1R2lSTC1ZT295THBienBoS21tTmFIaE1LQm12MHNJcWcxQTBQTFQzUkxzSENuM3hEYUVW?oc=5&hl=en-US&gl=US&ceid=US:en,Post,1,0,1
Padmaavat,Padmaavat Movie Review: Pure opulence | Filmfare.com - Filmfare,05-02-2025,Filmfare,https://news.google.com/rss/articles/CBMingFBVV95cUxPOTh5c2Vkdk1mOTA3enVCMlVwTjhhOHZsS2laVWhDdWxuSUd5M3l2c2czbjNpdk1neUVhd3B5TGFwWDRyeEszVGdBMEhMQUV2UDdMM0tyLUhNejZlY2tOV0JZbTRVLW0tTjlCa2NVTTZFSklxYmdLc2U0QVF6Y2ZGcXNDeE85R3FBMzlJQ3NxT21YSnJBRmR2ZF80SXpud9IBnAFBVV95cUxPUWNaU2l1Z0lUeDZBdkl0VXBPdTR0Y0tyNFoxaTNPalA3Y0VlOFpkSGhUbUF2UnlWdUk0c3gxb2UzTDkyc0pIV25ldFVqZVNySkRqTEV1cURNRjFtTEdSU2sycDFzNDdVSlotWEpCdWFpem0xT3VMWUlXQUw4ZHZxMmdQVEpNMHVZSmc5M3VOaGRadGdybXIzb1llWjU?oc=5&hl=en-US&gl=US&ceid=US:en,Post,0,0,0
Padmaavat,"Padmaavat movie review: Bhansali couches regressive, opportunistic messaging in exhausting visual splendour - Firstpost",26-01-2018,Firstpost,https://news.google.com/rss/articles/CBMiiAJBVV95cUxNVEREZ2M5NEpLTlBPSm5IYjM0UTl6VTRudmFNZ3g2ZmlyVGNRLVFibXROMzEwTllZR3lWazU5ek01WEZuU3d0c01oYk9yOC0xZTJmeTdyeXoyU2JDZnJiTG5aVkdpdkRlMXIxLUNpYmRPU0hOaUY0YTNCWnJmNU85NmFiUXR0QkRuYmQybC1mVjJNTkotS3lkWGI3SDB5NWxLTjM0cFRRcmgxVEJpNVgzNXdGNHlYWmxvVC1abXFCbEROM1dHaUU3R2NqYmg2R0tMR1hVcDVvNHYwY19VdUNfSERaMFJUeEZqMEVZWHRKQUNNbUJQVU9HaXRSZi1DYVNHMHhsNGo1dWbSAY4CQVVfeXFMTjVwTEY2aUlUdUtEWlhYZk1GVWJoZGVNRTNHN0sxRnUtTWp1ZlpNSzhCZ0tTUHJTMDhhY3dmS0dQZDdCUWwya1VxTVd0MWpiaGxBU0t3bHBlWWJoLVVPQVE0ZXNGSFhJaElyb295cFlkMkI2cDZyQ2VRblhaV2swMUNfUnk1NzdSQ1p2bGtZTjh1WFlVSEU4blZ2MzNvOHdiZExoR0JHQTlQUlJNRTBoOFgwQWhNbnhOUExWNGI0M04xWFgyeXp5VGExZWVHMVVRd1FGQ25CSVROZDY0UVpKTkZENWdYclNqN1NXQU02dTlRSnlSd21wd2ZhZHJHcW5STmI3NGY2YTY5MkpPZmVB?oc=5&hl=en-US&gl=US&ceid=US:en,Post,0,0,0
Padmaavat,From 'Padmaavat' to 'Laxmii': Bollywood films that changed titles to steer clear of controversy - WION,04-08-2022,WION,https://news.google.com/rss/articles/CBMixwFBVV95cUxOUkw5OW1SYXhyc2dwbHFzbk8tWTRiSElDZjJnQWNOUHFXTE8wTUtiRU1VNllSdThRdjc0RzZpYkdCWVh1SXdnQlA5QjlLWDk0cEhsSkxPeU5iNmt5TWhmU2dwd1RRT3VNNjVQY3BnZ3NodkdzeTQwUV9zRk1MbDVCYXVoV3ZzeFVRZDNiRUtFNWhmcEg0bVhpRjE1dmpMbFVyVkJYRzZvaXdwSWVsOHVPbU10TlFiNnpwbmxwM1BvQzZ6RWFfaW1j?oc=5&hl=en-US&gl=US&ceid=US:en,Post,1,0,1
Padmaavat,"Padmavati: Anti-'Padmaavat' protests turn violent; mobs block roads, damage vehicles | Hindi Movie News - Times of India",24-01-2018,Times of India,https://news.google.com/rss/articles/CBMi5wFBVV95cUxQN3RkNDZJNFNMX2FZS05xOUdSZnc3ZV9LNmhoSE1URGttRThzVm5QVS1DbWF1dE9EYXB2bXhkRXZzWmtVbElmcjNUUkcxeEIzN1dOVnpJVDVHdHF2dmw5Rmt0Y1k4d3RsVjZuTWg5ZHBFRkI4eEdlUF9fTWUwb2R6S3JIVnR5dFJ1OGR4SjZnMDJValRYYXhyMXhBajZqOE1TQ3VwejVvbEp1c1k0MmhpQkVEemFpRk52YVFOZlc5SmhEbnNqUTBtM3NHeXdBdEI2S2g2ZmYyemRBSmo2SlRhOEZDYTFJdTA?oc=5&hl=en-US&gl=US&ceid=US:en,Pre,1,0,1
Padmaavat,Deepika Padukone and Sanjay Leela Bhansali's Padmaavat to re-release in theatres on 6th Feb after Rs... - Moneycontrol,28-01-2025,Moneycontrol,https://news.google.com/rss/articles/CBMiygFBVV95cUxQLWJ4T0JxdWxhVDJMSFdsV0hqT29oWnZmZkZLbEs0ZlVrYklRcUN0RFFRNkxhOFp4MlJtdWVqeUt6NVlWcUcySmN2cUdraWltUUNQNUJDd280QkhmbHNuX1F2VHZ5NTY3TnFRS0lSSUxzUGJMN1d0UnpUblUtZUhicktOcFpjazRkZ21NZDBEVWZrM2xONEVUcVRod29Hc2dTc2ZBeE00WVdqRXFQVFRkeDRfN0tFeDZReGJmbTZPS3l6SEhwRzdjY09R0gHPAUFVX3lxTE9ROVVKS2FyaGtsWWt2OHZTRTlSdTlTZTM0QnpsUFlCX0JFUDNvekk0NlJtN0JsTlJlalJIc3hWMDBURUY0VmpCRENEUUJ4bW9MX3BFZzdsc2IweW04enpoaWh3UlBFYWpuZFpLLXIwaUd0Ukpma2V6QXNZM2MzQnJtWWJKNDdKMDFFcEo1eFpKNlNVakRCVXRJU29HV01GdUhVX1JqMGtyNzVQQTVlUHVEMkR6NEVJSE5rdHJKQkY0UXh4VTZkRTVNc2JtdEZqYw?oc=5&hl=en-US&gl=US&ceid=US:en,Post,0,0,0
Padmaavat,Padmaavat Review: Sanjay Leela Bhansali My Heart Is Torn! - DissDash,25-01-2018,DissDash,https://news.google.com/rss/articles/CBMilwFBVV95cUxQUGhiWEdBUmFwVlN5ZkJHU2lmQ2xxQWw5SWZORTctYnNzUERuREU3c0wyT1RQQnl2aE5GTlhia3BNSmdJMlh5X3QycVh5SklKVC1Qc3I0eTdYaDZ2OFpmRk1VLWJ3ZXZaQXJyWUNVajVmaC0tbV9vQkt2cXFOSndIWEl0R0NPanA4bG9RSXRKMVprbUZWNm5z?oc=5&hl=en-US&gl=US&ceid=US:en,Post,0,0,0
Padmaavat,Shahid Kapoor was 'insulted' by Sanjay Leela Bhansali during Padmaavat? Netizen's claim stuns fans: 'If he said...' - DNA India,26-01-2025,DNA India,https://news.google.com/rss/articles/CBMimAJBVV95cUxPNGVEQmpESW11VEhuckdWVUh1S0ZTVjV6UElXemxYTUx1RWJ6YU50RzJncGdoTzlLTGRONk4zWlNHdkx2RzE3QlVvN3JXRk5fSzNwN1BfS3Faelh4VnYwYjJJa1BFREUzZ0dPZnFiVGhKS2V0UzlMalBCMXU5bDNJbFkyeE5qN0xKWlFGZXYwVFoxUzFkTVhLblFOaEI5X2g1aWdfNzdhaFdBR0hzMWJhelFGUnZWZmdnX2RQWHhNdlhpMnVmQUlvaldBVDFiWW5PbmEtZllfMllFTzlJczczUnJ1eWNjM0FMczRxRW5rUjZOSjY3ZlMzVWw1akxyWmh5YjhZbEZyOENHcXpDVHJPVWp3Q21vUk9G0gGeAkFVX3lxTE91WlFZWDRWUEkwYTRpaUJSempVbDhZX09qLUZmSEVQZXdvSEZpcEk4OW1WMGc5ZVF1SWFkcHdtX0VEVjNOXy1HTV9Oc2tDT1ZiX09WbEhqTXUwNE1LRWxocGZ2cjNBMnFCSWEwblBDZGc0dy1BWmRtb0VjbXIzUjRDdnJkZk90M2VqdTRMV1hxRnNmdWtNOWFIb2syaWozSlJqUm9TV0c1X25WSFFPYm5xYW1pR3M1Mi15c2Zqa29wUE9ub3MtbEgzcElCaDhCdVBZNTN2T1NqQU81cUd1OTJxb280NDFYbHNhalJ0UmlEeTk4Y1lXdTlDVHhoMXZJRWk1bzVNaXI4TzdESDFBNHl5WFNmejRhbEV1Z0JVdXc?oc=5&hl=en-US&gl=US&ceid=US:en,Post,0,0,0
Padmaavat,Ban on Padmaavat movie has become a boon for Rajasthan tourism - Times of India,19-01-2018,Times of India,https://news.google.com/rss/articles/CBMi2wFBVV95cUxQX25xbWJoZWFrandDWnhHWEtnSk9VWVhNdHZKVm5JS08xbHFFczNHLVNBZkF2cmhLSkFWdU92SS1PWF9rLXhPN0E3d0dwcUczZEFhU0dfLWdxT2RtcWQyT1BoUUh3OVFjZlF3V1pfTjVfRVo5dnpiSm96ZkdjRVBCWDZ2LTRhdm1iU3Q1SEVVd0lQeW44SllnZnJ4NXhmVXZnSTFJSkNSa1ZGa2p2NUk2eDVBQzVMZ2NmRDJDUW0yMlE0TktjeWJOSFJlcl9QeHItd0NrNFg2NDB3TEHSAeABQVVfeXFMTW51VUxlZ2gxS0RqTTlwdkJmbjlVQWxfT1d0YkpOWWhRRllzWldid0lwbVFjVmVRTkNFckFYU3lOYlFOX0xmZktJOFN4aDFJM1Uwekd3UWNGcXIyakVGNlFwMW5VZENOM0hPQUxWMnhRNkZET0xmQm9hYUVHSFEwY1g4Q3hXcGp5LTcxYVZwU2pkcjdUMmxCN001SXhBR3NJSDVVS1hjSVZCaXdQWjFGUFpzTjhMbGZfOWMwQVpQV2MySmcwanBHUTVmUi03VFZQSzhfaktyelhHZ1ZXamN6RVE?oc=5&hl=en-US&gl=US&ceid=US:en,Pre,1,0,1
Padmaavat,"Padmaavat "" Box Office Collection Day 5: Deepika Padukone's Film Passes Monday Test. 129 Crore And Counting - NDTV",30-01-2018,NDTV,https://news.google.com/rss/articles/CBMi2wFBVV95cUxNNnZQM0tjbjB5UDRPcGlwNGlrXy1lMnZYS21aR3pRYUs3dnFUdmZlcXdFdC0wVXNXOGQ4eTdud3RNUVVWTk5pVFJoakM0T0dlRUVLaWZETjZVa3RjdFQ1SFIxaW1FcmZLYlhvR1RXU2V2QmdEMk9VRXVoaHNmUWwzQTUzQUV0TzZQQmNVSS1kRjZwQ2gtOURWOGR4UkVOR3NNS0NWWTRIZWl0UlNoOHJfR0hhT3VJLVFoTHJCcnR2M3RMYVZ5aVZCU2poS1o0UF96T3dFMl9IdUd1aTg?oc=5&hl=en-US&gl=US&ceid=US:en,Post,0,0,0
Padmaavat,Why Sanjay Leela Bhansali's Padmaavat re-release after seven years still has fans excited? - DNA India,29-01-2025,DNA India,https://news.google.com/rss/articles/CBMi3wFBVV95cUxNa1RVeTl6RDd5QU1QdERlUVkzRV9fV3dmUWFURFgxTnhCTXljS0h2OEp3U2M5SkcwSUpkV2ZxRHlkLXhaSWRKV1pkdWwxMm1NYktDRUNOdHN3YXJpSVVZOGtEV3V0UWg4QkVzMnZqaEdZMFhFc3V4RHU4ZFJBWXlrRm1sNDN3YVlGdncxOU95MzBfZW4zNURPX0FQSG9HblVHUzhkNGdXOUZxQ1REak5iY29WY09yUG15QjJxX2VPenlESHFUeFJORm1tWFMwTmJjb2VCX0d5ZFNmeVdpODQ0?oc=5&hl=en-US&gl=US&ceid=US:en,Post,0,0,0
Padmaavat,"After ""Padmaavat"", Karni Sena Says Will Make Movie On Director's Mother - NDTV",26-01-2018,NDTV,https://news.google.com/rss/articles/CBMivAFBVV95cUxPMWRKN1V3TXBSYjc3dzN0TkF6eGFkbEFVTC1IU3hsS1liM2VicDg4NWNXaUttVzJtMXVFWURULWhNLVVBUkd4MlJoODFGNFdzeWpOYUFhR2RmY3Z3Umw2ZHJqZTh4TllISzRjN2NVVC1FdldtUXlhZVhXY0tubGRTSWlfZE1OUFhMdlRfTUtpNmJXOUlINkw3RGlJLVFRU3I1Wm1HcEJBVjByamc3SVJXa2ZlRU1sMU9lMGZxZw?oc=5&hl=en-US&gl=US&ceid=US:en,Post,0,0,0
Padmaavat,Flashback: When Deepika Padukone threatened to walk out of Padmaavat - Times of India,05-01-2023,Times of India,https://news.google.com/rss/articles/CBMi9gFBVV95cUxPaEswTU1ObU14dEkyNzdmb1lIa1RpeXZ0Q1YyVzZLN1pjTmYydE0xc1FManBiN2s1a0pZWDFvLUp4aGJBcWpaNWVqVDdZNkUzbDY5ZlR1dUhOYzY0dGN3ZnhGcC03TzZTTUxxV0gyMTlCZ0VhbGtfaXZBaE1MME5nZmcteV9idHFvZG9YenFlODlxdFF2QXlOR1N0Y3drX1RXaVVTVUU2T1VrZjJhdHhtWnlFNjdORVBMR2REeEFFRmNrRFFTVGZCQ0JEOTZxR2VVQW1PWHpxcVlFNlVSOUQ5YUU0NzZKMWdoeV9vSFpwdnNMVmxVNFHSAfsBQVVfeXFMTnVmeTdUZXZMTHhkTnlzQ1ZhNm1vS1BtU2FkMm12OElveTMxYzNVZVhka3dFTEkwYUNsM0o2cVdCYklPWS1SLUxmbXVqNTRjdU4wVTc4c2NCV3NvSy1EcGVCZXhOV2Z4TF93NC0zN3lQTUdTXzJoQVJTc1NUVDFqVDl3Z216VlVxRkpsbkt4RVR2RFpsTzdlWTVmY0JZUWdTaGg4M2lBbkdJdlByWEhIR3NSZUx4cmRubER2OFVnNXFRdXdhQ0MzTDItTkF0V1JmYjF0U0JUMU9hM0FXay1oczZmdVY2aEdIR3FHOWg4aWstRkNTZFMyZHRhYnM?oc=5&hl=en-US&gl=US&ceid=US:en,Post,0,0,0
Padmaavat,Padmaavat is a flawed history lesson with great visuals - Images Dawn,26-01-2018,Images Dawn,https://news.google.com/rss/articles/CBMilwFBVV95cUxQWkpmTEdkOEo3c2h2SWpfaVFxM3l6bHhsMmx4Zk04OGVtbEJtMTNtd2tTSXBjZ1BWdTR3aEh2S3VQZHo0Z3llUG42ei1RMkFzZzJyaDhrWi1QVDNsMTYteWQzaVNveGw0MU50Q1czY21FWGhrU2VTSWZWQ1dIUU00Z2NvR2tzTDF0TWJhazc3SFpQUi1YMDRZ0gFSQVVfeXFMTWpDYUtRb0MtblJYVEhMWWZINlRfT0xWTVp5R1lYRHM0VHBZaXRzcVZQbWRzcDIyclp5WExSVURBd1A2emwwcW9WMkF4dnBVRFhzZw?oc=5&hl=en-US&gl=US&ceid=US:en,Post,0,0,0
Padmaavat,Padmaavat review: Ranveer Singh shines in Bhansali's visually grand historical saga - India News News - WION,12-02-2018,WION,https://news.google.com/rss/articles/CBMivwFBVV95cUxNc29VMWhYbjVmdTJuNDl0NnVXM0tvZm1ROWd6dDB2RkdTMWVuWW1hZ1FTVzFaSEN4NVU3WWFac2FPVUF3czB3SjRQcktqLUZzNlVlQTljVEw0bVlyUk5JZXhDU3VRY3JrXzB4SmVPOHZGRGF1YzQwcklncE82NC1PYzYzRGpZX253aWtFR09XNEs1OExycmxnNDVQa1NmRW9DNm1IUE5Xc0pyTV91Q3lLNms4Y1NUdUkxZ0ZlR3dyc9IBxAFBVV95cUxQYzVmRWcyQmVpZUpVb0h3SWpWTlc0ZUtVNFZWOTEtOGVwamYzRlNLamdVRGlXQnl5WWJUaWNWaHMwTGJfUmQ3RjdGSEJJdlhRbEQwSW1DNlcxRUZGajBRclJZeWpSdTJFRFpLRUQySjFSTHAxa3U1cTgySGNya3F1X2FncVBTUU9fYm0zeHJYX3RjSG93X0Y4U2dDaDZxMzdPd1dJYWZhMEc1OTZoYkVnekg5YXlfSDFXM1pLNDQ0NTJ3bkh5?oc=5&hl=en-US&gl=US&ceid=US:en,Post,0,0,0
Padmaavat,"Padmaavat protest to continue, say Rajput leaders - The Hindu",03-02-2018,The Hindu,https://news.google.com/rss/articles/CBMi2AFBVV95cUxNTnROcm4zZzJBcXhYdGJIb3Z1LW00dXQxU3NkclhwVThGYXhIa3BkT2M0aVZDV2ZfaE5xWHVZc1JJcHhBakhxRmVTTnBkZkltNHVlZS1LdzFIUklobzhfQVdoTmM1TU1JSWRqQWxVUnVNY3NLNVBZS2wyeVl5VGs3cUVsMmZOUWZjal9ISTlWdUp1SUp2V1B0cTQxMlF6eXRNVlZjbVRpYTRRTHRFVzR1TDNQRmJvZXZsVXBqRnhVREt5NWt6OTVzM3dlSHJ4RmlOSnRPckxBa0vSAd8BQVVfeXFMTUdwMHRnTXp6a2h2V01acWdaMEhBZV9kdHZKY0hlX2FLMUtBY3JZa1prckpLN0lrYVdUVTZWWFZJd0JNeTNxVER5WmxOLUtINy1ZdEgzLXphR3kzd2s1MUxnSTI1bG9ua1NyWkl5ZjdqNFNMbnpLc0tWMXk3SDc2VGpWeEZjUzB2dmN5aHhqVEZDZnItYmtyRmFkY1pxUmhhSFY4Ymo1LUU4UnJ5LWJiNWlRQ2piZnJRWW8yLTE0MXdsLWJyZ0RFT1JPNDZRUlBOYWNCSS11cVU3cXFmRDRvUQ?oc=5&hl=en-US&gl=US&ceid=US:en,Post,1,0,1
Padmaavat,From 'Padmaavat' to 'Manikarnika'; Here are the top ten highest-grossing Bollywood period films - Times of India,07-11-2019,Times of India,https://news.google.com/rss/articles/CBMinAJBVV95cUxNUkZaeVF0QzJ3N2Y2RXJHSndfM1VxY1Z2bzhfZGF1dkRfQUNoWnM2NTUybVVUYXp4S3I3ZU5NeE85VVgxMmhwMFZXN1hCaEpJelFDdk9JNWQ2THg5ZjJuQklDSlVWZTJ2UldXS3VSZ0trOUgtVUc3NTZTdUpBd1FJZEF1UXdlZjJtbnUxNEhEU0pVQXJfLTBXUWo0ZkhMUHlvRmNCR3RqMVRpX2RmUDZkdmJfb2FEelNwQ3NGN0VySXk4em5yZHNzY0l5MFBma0hEbUN0eFY3UjJXOGZ2RG8wclE0d244UVFZTTY3T1NIeGU1UXpaUjJmeHo3cUZsVy1jUnZuWXN2WTZCQjBvREExMTFnMmd1NGNOTnNtSNIBogJBVV95cUxNeV8weWhHUERjdURfVEpUNXBDUWdGY2l5MEJyZEN2MGl1SUFpRXpUZFBYbEcyX1pjRmZrRUlFQnVHZ3FFaW8tSEhyaTNMSUZnV2hDZVZOR2xZV3pSRHZDSHVFOUozdC1kODlyY0xObTk5QlpiYXNTRzIwWWt6ZlRqaW55QmRmOUhRcFd4UndtaWc2bTliT2RHeXdiNVRNZ29VdzluamNrQ3pWTTNZTUwyclZ1Wm9NbGZySGlMekVOYnRZY2RZRHdHd0duV2JzdnMtTWR2d0RPb0UwVzRMbUxiTFV5WGFvY21mRVppU19MdHpwOTZ5ZkZuMHpNeFVUZXhJYld2eER6Y0VaTTFIVkVvdjhXMkpqUFhFNmNsd001WnluUQ?oc=5&hl=en-US&gl=US&ceid=US:en,Post,0,0,0
Padmaavat,"‘Padmaavat’ glorifies Rajputs, says Shri Rajput Karni Sena; withdraws protest - The Hindu",03-02-2018,The Hindu,https://news.google.com/rss/articles/CBMizgFBVV95cUxOdWxVUDBFejBVZkc4LTJ3MU5mYzVGWUVBNGtBeHByanltVXFpWFY4Qk5RU2ZKTWU2ZkE4aVF3eE15U2UyTXNISi1vYTd1Vzd2VjFZMlIxOXBhYXRqZGJjTEs4N0xiMnI5bU1KWGF6ajAyZExBWU1vcjBERm10UkRNZExBSE1nRFNzNFlqUzdoV01RSTAyTTY5WmRYeC1ZSUFDWnZ4clN2ZzNDT3BVcFRHcGFETnBqbWt3MnQyZGxpMFFsRW5ZblpDWVF0cjE2UdIB1AFBVV95cUxOZHFyZ2Q4RTBfWTFmTXVVMmlKMm1qTVpZSkRjV2RsZG5JS25mY2NIRUNjUmdlV0ZJYjdDbzB1cWRNdnJpMmJXOXpENXlldHpVdFZiS3ZEbXMzc2dMM2JzM1Z5R2x1MWVQRENMSXNPVVlHUExJTG5xTk9EY3RYT1hDcERuczhKSzNpZ21uTURCOTFaZHEzMWtvMHcxVkRUeFpKdkJFUzFJRXJWdHhYSWNxYldCZUNhdExicEFoTE0waVowbDRwbmFWR3RFWHJTeXEteGVwSA?oc=5&hl=en-US&gl=US&ceid=US:en,Post,1,0,1
Padmaavat,Padmavati is Padmaavat officially: Bhansali changes film name after CBFC order - India Today,11-01-2018,India Today,https://news.google.com/rss/articles/CBMiqgFBVV95cUxPaEJxLWlvRTZXNjVTR0hsbWNfQkRVWVlGNmlDMXNvTmlHNEZrNTE2bDFNN2xqSTU3d2xOd19uNzVQdXZHRFpEb1hjSEgzUEkzZFVhYVFqbmVVd09MNjAyVGFOOUhGMXNBeHk2cml4cnlMNjJRZzVBWjA2VjRDbzlqQXpHWXdOMGVBTFF5dWlvUTEyNlBFM1dkTXpMR0cxNXZqR1lKY1VJSlhrUdIBrwFBVV95cUxQWG5WV3owQ3lNLV9pbEMwTkJGdmk5NjhRMDk4RUx6X3RhcVgtTHBjSjJodWMxOHRLdkJtTzVscXBLNTQ2UG41Nk5Kd1BMMkFHSm42NzBNTzRqQVhudzI5MU5PNzgxWlo4cVNxQ2R6eS1GS0NBZm1fUzFwRTZJTlBjdGZaS1Y3SjdGcGJtVVNZUG1QbldCVkNrX2EwbGszcWkyOE1vdXYyaS1UaUF0NjF3?oc=5&hl=en-US&gl=US&ceid=US:en,Pre,0,1,1
Padmaavat,"There are no 300 cuts in Deepika Padukone’s Padmaavat, say producers - The Indian Express",11-01-2018,The Indian Express,https://news.google.com/rss/articles/CBMipgFBVV95cUxPbUFfS3BVdmgxYW1WSkQwVHpqNllvNHlySXBXWEd5LWNFd2pZVU82c2NVUGhxdXRaR1JBZUQ3RWVqVlFzSjRVU1piOG1UMHgtbzIzN3ZOdGE1Umd1Y0pUUHpsSFVsallYRlAyd21iX2VPUS1ZLUJnVFJVaUxHU0oxNjY1M1MwM253eERlTS1LVHRGVXB4YTNzTGNRUlRmUU9UZjRoRTRn0gGsAUFVX3lxTFByWXdwS3llMlItVzN5N1NtdjlwdnEtaklDRmloRHRldjFRbEIzZ1VCcHRnMG1GNVlIUFlXbU5VZkdRTXBDb19uRW5PNWdvN2dLc2JUMGRkWjZQbFZhTWFWOVZRVXpITlhDOFNXZ3htOTJEcVdkMktrZ2lKUV9vSlNlY29Vcl81LUdaN2l2M19hYllLcXVDdUo5SU5RQnFfM2tmTVNldW4wcnpZVTA?oc=5&hl=en-US&gl=US&ceid=US:en,Pre,0,0,0
Padmaavat,‘Padmaavat’ makers: “We firmly deny all speculation on extensive cuts to film” - BizAsiaLive,11-01-2018,BizAsiaLive,https://news.google.com/rss/articles/CBMikwFBVV95cUxQMElFNUtXZ3Nwc3l6ZUU4R2Nva083M1NPaDQ3Vl9MUWozczlwYzZnb0gtbmx4OVMxbGJuX0x3WjJKdVRmbm51Z2RnVzlwYWprVjQ1ZDdwMmNEajRVbXM0cERKazhQdFVnYVY5bWNEN0RpZjlGZURiQzVmdkdVRHZKMHlNNTF2TjlScU5jVzRKay1FZW8?oc=5&hl=en-US&gl=US&ceid=US:en,Pre,0,0,0
Padmaavat,"Deepika Padukone, Shahid Kapoor, Ranveer Singh's Padmavati Is Now Officially Padmaavat - India.Com",11-01-2018,India.Com,https://news.google.com/rss/articles/CBMixwFBVV95cUxNM0dicjVaenZrbzFnaUVHVC1ZYVZTX0U3SHdreXhXVVE2LW4tSXpzdk9NcTM3NURDeGFxcUFQdDczaGU5N3dfdE5mLVpDdGhnNGpEYUUzdndzRjRRMkxjX0cxZFlWYXZfc2theHZ2MnYxa2kyS3Q4TzZXTFNmUnN6VmNxWUNkYVdMRXg2LTZHeGRVbUFQTW1DNGpLLWI5blhsTVdKWC01cFZIemNieHJ1c0FUSjdJNW9QcXVqTk1QbEttMGtVNlpR0gHMAUFVX3lxTFBObGpmLTlCeUJOU2VsakJjZGNyN1N5T01wSGFEb21MdG1ablNxa25ka0FxdHF5OTZKeGhyVlBmdDBSeWRLcUR0U0lSRHV3cENVRmU1WGtVMHQ1dC1EWFgzSkNKLXQwUWtBM2VMbWdlMHBpRVI5QjVESXRnM2wyX21ONUxZY3I5MnZmVFV0RkZEZUtYWElHdklyQi1LRnc4Sy1ObGx2bUxFaDVJcWVDS2FGZTZVNG44dmdkX2dGbXBLSHNZZk1wVm5KMmYyag?oc=5&hl=en-US&gl=US&ceid=US:en,Pre,0,0,0
Padmaavat,Deepika Padukone's Padmavati officially renamed as Padmaavat - Bollywood Life,11-01-2018,Bollywood Life,https://news.google.com/rss/articles/CBMirwFBVV95cUxPTy1rN2VYX1loX0NYcnMzY25aRXFPS1hzWHFKRUZGMWhUV0g4eVpmSDBTM3hlS1cydlh4aXJuQW5Kcm94LTY3NHZDYmpUN3NFalhrY3ZxbDhGNVpjRXRHcVhCODB0eWpGMThINWR6MzdZeXJLSWhHQmlfeXZKSm9NZ3Q1UFhISXN0ekZuaEhHc1gzWENfay13TW9HdXpBRTNjZU1fRlhmUE1RSXVpQmxR0gG0AUFVX3lxTE9TbWJFZDJySmp4X2lHbUJZNXFjWjdNYTZmVVd3U2ticHN1SkdvSWNrcjlUYzN4c0U4T0hKeTlEQU1CNXZncEZoR0RQOVdHVy1KNnE5a0E5N2pLbkxjMUxHWHVzUldGa2pWWE1mZE53dlg5RmFDQWpKSHgwSjV6dGptYkc3MVlNWFBPaF9GTFM0QUdhdkRNWjdJa1R4WUlWbHU4LWtXYnpzQ0JNQTBXd1l2THRtOQ?oc=5&hl=en-US&gl=US&ceid=US:en,Pre,0,0,0
Padmaavat,"Padmaavat Is In A Serious Coup! Makers, Why So Silent? - Koimoi",11-01-2018,Koimoi,https://news.google.com/rss/articles/CBMigAFBVV95cUxOS3BkUHlZSlFWbGhQN19RdFVpV3FaRGMxR3hpd0RpLU1Hckowa1ZHUlc3aVEwdnktTThtS0lJNUk5SUZxWk8wMXpVTHJiN2R3c1lMVW5jamNTQ29qbVp4cUMwVDdaWl9ObVYtUy01MWN0Yk5lbzZIb2xPUlc2dk9DYw?oc=5&hl=en-US&gl=US&ceid=US:en,Pre,0,0,0
Padmaavat,"After reminding fans of Khal Drogo, here's how Ranveer channelised it for Khilji - Deccan Chronicle",11-01-2018,Deccan Chronicle,https://news.google.com/rss/articles/CBMi3wFBVV95cUxOcW9ncXhfZzJfMmtvSnp6UUVzZzNyeTVtMHNfeDV2Y2NPSEpyWjluVmczMUEzZXlUemUzLWhVNFQyOWF2T3VuZWMtdWNsNXdXTTVsX0RHdG1UQWlSeUFzZ25MYVlhMlhPNEpvbXNJMGxyNkU5SlNNb0lyLUZWMW9CN2dZTkxXYmtDVlhlNnpROVVVdlJKUE5RLThvbXpQVWUybEdIaTZaeWF2MVFrTlNkMGZFVjFwSFZJUDRZSnZ0alNoaXh2alJtQ25LZHBCN1NvWDlwdVFORGpkTm5ieGcw0gHkAUFVX3lxTE1NWmY5NWdWeGpXS2dzemczSGRUWjU0MHZENmdySGwyYThDR3dwODlhT29QZ1NqNEd2anFuVmlQdGJMSklVWG1vZkprWmVPa01TTndRZjlMQ1NDOFpRYUswcWdvQ2gyZFZYbHFkRzQ4RXgzN19zdzhuNGROb2xySm4xVDlsZHVlZ1hpNG1rVVFGdzdLc1gxS3R3elU5Vi1pSnlRV2ZJMFVkMTlBVWtRQTBjM1c3QURXb3lMeHdBMTNVdnNfVEZvMExYTnlXWlNvXzg0YkFiLVdZS2ZDdDVOaGxhd0NELQ?oc=5&hl=en-US&gl=US&ceid=US:en,Pre,0,0,0
Padmaavat,Deepika Padukone’s character is still Padmavati - Bollywood Hungama,04-01-2018,Bollywood Hungama,https://news.google.com/rss/articles/CBMilwFBVV95cUxPci1aM1Q0VEV3MWkzLXhFWFBxbjJTLWhNemVheWNsX3R0UndVTHNxV0NFT3pKU0FiUFR4X2FOLWdxbkNzYURzbnZhZGE2QXk3Nm8teElYWERndUYySjdnNHEwRlVHOFpMZlJJZU9CZXA4TWktT09ndURqTXBWeUl1RXF0Y3ZOUW9fZi1sQ3l1REV1X002dlNR0gGcAUFVX3lxTE9ubjVJWFpXR0lROXh3UmRXLVhkTnNCek1LYmhfQXcwMHoxLXBYTUd1MWVjdFk1SUZ0dUF6V1g4RmMtaWNULUJ3aHgtMU9CSDVXMTRVZC1adFBFS3FJbnlsVlhndnR6MVBsdG1EelRoMVZhcW5uMTR2SUEtc1AyTm9FVThWNUtoejlfcWU4MGlsaXpKbUdHZUU1bXJtZA?oc=5&hl=en-US&gl=US&ceid=US:en,Pre,0,0,0
Padmaavat,"Padman, Pari producer Prernaa Arora opens up on her films' clashes at the box office - Deccan Chronicle",11-01-2018,Deccan Chronicle,https://news.google.com/rss/articles/CBMitgFBVV95cUxOaXNxZFJhZm9oR195VlJ3ZTNiSlpBYmlTMFYxRzYyNlRrZW91YURhU1ZCN3dSZVI5MTJDenJaNVc0SHdKUElQZjNoQW52dElYYVJQcU1jNlVuWXJFVW1Uc2xKenY4U3c4QnFBdERZTWh3S0V6WE1iNkxoajhyVlJSbElvazFJYTRCQXNPemtWazJLUDNTWVlXd25fVkdoakx5aXZQcmlpSmc1NnRZeFB2elZvTTVTZ9IBuwFBVV95cUxPN0h2czVDeDVLMDRjTXlSdjJtWWtjWTlFSkF5VDZNMnNnYjNzV3V3UWFtODF6RnR3WWwyOTVxeUY0UjRVUnBXT0NfOVNHNFdyYmNBTmZRZ3hsOXNlM01WaF9xSDBrZWxpZDJqZzZIMnp4TGNxVlF4a0lRTWxmWVAyM3lBcVk3cThremQtc0ZlWF95UGFDR3VjVVJYTHNHenpOSEk1OGREQlljYlZsNzh6ZHZsdy03b0NocEJn?oc=5&hl=en-US&gl=US&ceid=US:en,Pre,0,0,0
